unique_id,gender,hold racket handed,play years_0,play years_1,play years_2,level_2,level_3,level_4,level_5
1968,0.9987,0.9998,0.0120,0.9851,0.0029,0.0004,0.9932,0.0005,0.0059
1969,0.9952,0.9999,0.0005,0.9991,0.0004,0.0002,0.0018,0.0001,0.9980
1970,0.9999,0.9999,0.0144,0.9436,0.0420,0.0001,0.0005,0.0001,0.9994
1971,0.9996,0.9999,0.0003,0.9990,0.0007,0.0001,0.0007,0.0000,0.9992
1972,0.9990,0.9999,0.0979,0.6747,0.2274,0.0002,0.5095,0.0002,0.4901
1973,0.9998,0.9998,0.0367,0.0027,0.9606,0.9948,0.0026,0.0002,0.0024
1974,1.0000,0.9999,0.0011,0.9945,0.0043,0.0001,0.0004,0.0001,0.9994
1975,1.0000,0.9999,0.0242,0.9430,0.0328,0.0006,0.0027,0.0006,0.9960
1976,0.9992,0.9999,0.0395,0.8444,0.1161,0.0015,0.4069,0.0008,0.5908
1977,0.9998,0.9999,0.0017,0.9963,0.0021,0.0001,0.0006,0.0001,0.9991
1978,0.9998,0.9999,0.0005,0.9969,0.0026,0.0000,0.0003,0.0001,0.9996
1979,0.9985,0.9992,0.0029,0.7797,0.2174,0.0035,0.1200,0.0061,0.8704
1980,0.2537,0.0023,0.0133,0.4466,0.5401,0.9907,0.0004,0.0031,0.0057
1981,0.9997,0.0016,0.0327,0.9647,0.0026,0.0002,0.0048,0.0002,0.9949
1982,1.0000,0.9999,0.0008,0.9977,0.0015,0.0001,0.0011,0.0001,0.9988
1983,0.9999,0.0012,0.0008,0.9987,0.0005,0.0002,0.0015,0.0001,0.9982
1984,0.9982,0.9999,0.7888,0.1700,0.0411,0.0110,0.0118,0.0034,0.9738
1985,1.0000,0.0014,0.1446,0.8393,0.0160,0.0016,0.3566,0.0173,0.6246
1986,0.9961,0.9999,0.0007,0.9991,0.0001,0.0005,0.0395,0.0002,0.9598
1987,0.9997,0.9963,0.0141,0.2229,0.7630,0.0002,0.0045,0.0005,0.9948
1988,0.9977,0.9998,0.0115,0.1550,0.8335,0.9344,0.0110,0.0204,0.0343
1989,0.9989,0.9999,0.0006,0.9963,0.0030,0.0011,0.3697,0.0004,0.6288
1990,0.9991,0.0011,0.0933,0.8654,0.0413,0.3254,0.0354,0.0087,0.6305
1991,0.9968,0.9998,0.0144,0.0316,0.9540,0.8272,0.0256,0.0030,0.1443
1992,0.9993,0.9999,0.0047,0.9695,0.0257,0.0004,0.2588,0.0001,0.7407
1993,0.9994,0.0019,0.0016,0.9962,0.0022,0.0004,0.0012,0.0001,0.9983
1994,0.9996,0.9999,0.0007,0.9976,0.0017,0.0002,0.0277,0.0001,0.9720
1995,0.8949,0.9998,0.0006,0.9977,0.0017,0.0022,0.9720,0.0042,0.0216
1996,0.7332,0.9999,0.0109,0.9870,0.0022,0.0005,0.1400,0.0019,0.8576
1997,0.8131,0.9999,0.0021,0.9957,0.0022,0.0018,0.0335,0.0008,0.9639
1998,0.9995,0.9999,0.0006,0.9960,0.0034,0.0001,0.0141,0.0001,0.9858
1999,0.9999,0.9999,0.0162,0.9496,0.0342,0.0001,0.0004,0.0001,0.9994
2000,0.9877,0.9999,0.1141,0.3977,0.4883,0.2375,0.7523,0.0009,0.0093
2001,0.9926,0.9999,0.0057,0.9916,0.0026,0.0060,0.9883,0.0024,0.0033
2002,0.9992,0.9999,0.0306,0.9274,0.0420,0.0006,0.7534,0.0009,0.2450
2003,0.9991,0.9998,0.0007,0.9967,0.0026,0.0003,0.0367,0.0001,0.9629
2004,0.9995,0.9999,0.5206,0.3109,0.1686,0.0358,0.0189,0.0005,0.9448
2005,0.0008,0.0216,0.0011,0.0048,0.9941,0.9982,0.0001,0.0013,0.0004
2006,1.0000,0.0008,0.0010,0.9987,0.0004,0.0002,0.0057,0.0001,0.9940
2007,0.9999,0.0012,0.0246,0.9745,0.0010,0.0024,0.3480,0.0110,0.6385
2008,0.9507,0.0028,0.0091,0.9875,0.0034,0.0004,0.0019,0.0008,0.9969
2009,0.3572,0.0026,0.0002,0.9992,0.0006,0.0006,0.0017,0.0002,0.9975
2010,0.9971,0.9999,0.0022,0.9728,0.0251,0.0026,0.1049,0.0006,0.8918
2011,1.0000,0.0014,0.2491,0.7460,0.0049,0.0135,0.0182,0.0017,0.9666
2012,0.9952,0.9998,0.0029,0.2364,0.7606,0.9006,0.0929,0.0017,0.0048
2013,0.9921,0.9999,0.0012,0.9980,0.0009,0.0014,0.0495,0.0007,0.9483
2014,1.0000,0.9999,0.0258,0.7939,0.1802,0.0001,0.0016,0.0001,0.9982
2015,0.9948,0.0039,0.0035,0.9924,0.0041,0.0009,0.0025,0.0014,0.9951
2016,0.9937,0.9999,0.0015,0.9951,0.0034,0.0078,0.9683,0.0015,0.0224
2017,0.9995,0.9999,0.0003,0.9842,0.0155,0.0001,0.0008,0.0002,0.9989
2018,0.9998,0.9999,0.0005,0.9976,0.0020,0.0004,0.1774,0.0003,0.8219
2019,0.9999,0.9999,0.0048,0.8803,0.1149,0.0003,0.0052,0.0002,0.9943
2020,0.0008,0.0088,0.0009,0.0022,0.9969,0.9973,0.0001,0.0023,0.0003
2021,0.0059,0.1000,0.0292,0.0117,0.9591,0.9518,0.0001,0.0005,0.0476
2022,0.0018,0.0259,0.0011,0.0008,0.9981,0.9963,0.0001,0.0021,0.0014
2023,0.9999,0.9999,0.0054,0.9372,0.0574,0.0002,0.0033,0.0005,0.9961
2024,0.9750,0.9999,0.0034,0.9813,0.0153,0.0004,0.7100,0.0003,0.2894
2025,0.9959,0.9998,0.0003,0.9977,0.0021,0.0001,0.0009,0.0000,0.9990
2026,0.9963,0.9998,0.0054,0.9909,0.0038,0.0015,0.9577,0.0002,0.0405
2027,0.5075,0.9999,0.0346,0.0598,0.9056,0.9993,0.0000,0.0002,0.0005
2028,1.0000,0.0009,0.2499,0.7202,0.0298,0.0227,0.0344,0.0013,0.9416
2029,0.9997,0.9999,0.0010,0.9978,0.0013,0.0001,0.0132,0.0001,0.9866
2030,0.9895,0.9999,0.0010,0.9925,0.0065,0.0138,0.9122,0.0080,0.0660
2031,0.9954,0.9999,0.0063,0.9897,0.0040,0.0009,0.9149,0.0005,0.0837
2032,0.9999,0.9999,0.0126,0.9622,0.0252,0.0002,0.0015,0.0001,0.9983
2033,0.9996,0.9999,0.6459,0.1361,0.2181,0.0905,0.0130,0.0009,0.8957
2034,0.9666,0.9998,0.0081,0.9826,0.0093,0.0008,0.9725,0.0039,0.0228
2035,0.9997,0.0023,0.0224,0.9694,0.0082,0.0467,0.1651,0.3317,0.4565
2036,0.9665,0.9999,0.0005,0.9990,0.0005,0.0012,0.2400,0.0005,0.7583
2037,0.9998,0.9999,0.0032,0.0092,0.9876,0.9202,0.0708,0.0008,0.0082
2038,0.9993,0.9999,0.0003,0.9993,0.0004,0.0001,0.0079,0.0000,0.9920
2039,0.9964,0.9999,0.0305,0.9336,0.0359,0.0059,0.4249,0.0041,0.5652
2040,0.9914,0.9999,0.1133,0.8382,0.0485,0.0003,0.9895,0.0002,0.0100
2041,0.9301,0.9999,0.0007,0.9990,0.0002,0.0001,0.0060,0.0001,0.9938
2042,0.9997,0.9999,0.9755,0.0189,0.0057,0.0353,0.9611,0.0001,0.0035
2043,0.9998,0.9999,0.0018,0.9961,0.0021,0.0004,0.0143,0.0002,0.9852
2044,0.0339,0.9999,0.0014,0.0004,0.9982,0.9952,0.0001,0.0005,0.0043
2045,0.9990,0.9999,0.0007,0.9907,0.0085,0.0002,0.0111,0.0002,0.9885
2046,0.9995,0.9999,0.0005,0.9986,0.0009,0.0001,0.0005,0.0000,0.9994
2047,0.9990,0.9999,0.0037,0.9933,0.0030,0.0003,0.9352,0.0001,0.0643
2048,0.9993,0.9999,0.0150,0.9757,0.0092,0.0008,0.9416,0.0004,0.0572
2049,0.9998,0.9999,0.0005,0.9977,0.0018,0.0005,0.0100,0.0004,0.9891
2050,0.9886,1.0000,0.0160,0.8370,0.1471,0.1967,0.0238,0.0009,0.7786
2051,0.9979,0.9998,0.1525,0.7234,0.1241,0.0085,0.9435,0.0028,0.0451
2052,1.0000,0.9999,0.0069,0.9697,0.0234,0.0001,0.0084,0.0001,0.9914
2053,0.9996,1.0000,0.7381,0.0174,0.2445,0.4499,0.0163,0.0236,0.5102
2054,0.9998,0.9999,0.0092,0.0302,0.9606,0.9956,0.0038,0.0001,0.0005
2055,0.9999,0.9998,0.0416,0.6231,0.3353,0.0003,0.0023,0.0001,0.9973
2056,0.9996,0.9999,0.0417,0.0586,0.8998,0.8683,0.1304,0.0001,0.0012
2057,0.6010,0.9999,0.0049,0.9949,0.0002,0.0004,0.9699,0.0002,0.0295
2058,0.9969,0.9998,0.0015,0.9876,0.0109,0.0004,0.0018,0.0001,0.9977
2059,0.6962,0.9999,0.0044,0.9887,0.0069,0.0017,0.5169,0.0007,0.4807
2060,0.9989,0.9997,0.0006,0.9957,0.0037,0.0014,0.0689,0.0005,0.9291
2061,0.9929,0.9999,0.0106,0.9708,0.0186,0.0073,0.9706,0.0049,0.0172
2062,0.9947,0.9996,0.9708,0.0227,0.0065,0.0401,0.0149,0.0802,0.8648
2063,0.9999,0.9999,0.0264,0.9122,0.0614,0.0004,0.0248,0.0009,0.9739
2064,0.9944,0.0015,0.0022,0.9853,0.0124,0.0003,0.0008,0.0005,0.9984
2065,0.9582,0.9999,0.0147,0.0225,0.9628,0.9928,0.0022,0.0003,0.0047
2066,0.0018,0.9998,0.0062,0.0021,0.9917,0.9940,0.0001,0.0004,0.0055
2067,0.9700,0.0039,0.0055,0.9877,0.0068,0.0011,0.0181,0.0053,0.9755
2068,0.9986,0.0013,0.0463,0.8708,0.0829,0.0002,0.0007,0.0001,0.9990
2069,0.9996,0.9999,0.8926,0.0852,0.0222,0.0067,0.9786,0.0004,0.0143
2070,0.9999,0.9999,0.0056,0.8119,0.1826,0.0011,0.0826,0.0032,0.9131
2071,0.9999,0.0011,0.0011,0.9977,0.0012,0.0003,0.0027,0.0001,0.9969
2072,0.9996,0.0022,0.0047,0.9603,0.0349,0.0009,0.0051,0.0002,0.9938
2073,1.0000,0.0008,0.0018,0.9974,0.0008,0.0002,0.0051,0.0001,0.9947
2074,0.1260,0.9996,0.0042,0.9321,0.0638,0.0012,0.0019,0.0006,0.9963
2075,0.9999,0.9998,0.0070,0.0037,0.9894,0.9954,0.0008,0.0003,0.0035
2076,0.9994,0.9999,0.4285,0.4452,0.1263,0.1257,0.8339,0.0026,0.0378
2077,0.9925,0.9999,0.0462,0.9403,0.0135,0.0004,0.9384,0.0004,0.0608
2078,0.9980,0.9999,0.0052,0.9895,0.0053,0.0151,0.7113,0.0010,0.2727
2079,0.0016,0.9905,0.0019,0.0042,0.9939,0.9970,0.0001,0.0025,0.0004
2080,0.9964,0.9965,0.0780,0.6270,0.2950,0.0015,0.0713,0.0065,0.9208
2081,1.0000,0.0008,0.1034,0.8863,0.0103,0.0004,0.0982,0.0004,0.9011
2082,0.9983,0.9996,0.0177,0.4230,0.5593,0.1287,0.0005,0.0007,0.8701
2083,0.9545,0.9998,0.0004,0.9992,0.0005,0.0009,0.6053,0.0010,0.3928
2084,0.9975,0.9999,0.0515,0.0957,0.8527,0.7919,0.1362,0.0005,0.0714
2085,0.9998,0.9999,0.0023,0.9888,0.0089,0.0001,0.0042,0.0002,0.9955
2086,0.9999,0.9999,0.0012,0.9966,0.0023,0.0003,0.0029,0.0003,0.9965
2087,0.9884,0.9999,0.0150,0.9793,0.0057,0.0054,0.2995,0.0025,0.6925
2088,0.9988,0.9999,0.0026,0.9943,0.0031,0.0008,0.0202,0.0004,0.9787
2089,0.9996,0.9999,0.0008,0.9958,0.0034,0.0008,0.2712,0.0004,0.7276
2090,0.9994,0.9999,0.0009,0.8580,0.1412,0.0005,0.1133,0.0002,0.8861
2091,0.7451,0.9995,0.0012,0.9938,0.0050,0.0029,0.9355,0.0051,0.0565
2092,0.0420,0.9999,0.0036,0.9896,0.0067,0.0006,0.2319,0.0006,0.7669
2093,1.0000,0.9999,0.0012,0.9960,0.0029,0.0003,0.0081,0.0002,0.9914
2094,0.9995,0.9999,0.0010,0.9946,0.0044,0.0010,0.8018,0.0005,0.1968
2095,0.9331,0.0015,0.0017,0.9942,0.0041,0.0002,0.0004,0.0003,0.9992
2096,0.9987,0.9999,0.0291,0.9571,0.0138,0.0037,0.8468,0.0009,0.1486
2097,1.0000,0.0014,0.0572,0.9369,0.0060,0.0004,0.0748,0.0035,0.9214
2098,0.9973,0.9999,0.0806,0.8635,0.0558,0.0162,0.9733,0.0005,0.0100
2099,0.9972,0.9999,0.0027,0.9863,0.0111,0.0005,0.5307,0.0006,0.4682
2100,0.9980,1.0000,0.5288,0.0948,0.3765,0.8397,0.0243,0.0065,0.1295
2101,0.9952,0.9999,0.0663,0.0878,0.8459,0.9145,0.0142,0.0026,0.0687
2102,0.9989,0.0021,0.0682,0.9294,0.0024,0.0036,0.5099,0.0029,0.4836
2103,0.9999,0.9999,0.0135,0.9681,0.0184,0.0001,0.0029,0.0002,0.9968
2104,0.9982,0.9997,0.5526,0.2968,0.1507,0.0082,0.9754,0.0008,0.0157
2105,0.9989,0.9999,0.0003,0.9981,0.0015,0.0002,0.0170,0.0002,0.9826
2106,0.9955,0.9999,0.0016,0.9966,0.0018,0.0014,0.4317,0.0005,0.5664
2107,0.9999,0.9999,0.0008,0.9966,0.0026,0.0001,0.0020,0.0001,0.9978
2108,0.9998,0.9999,0.0007,0.9968,0.0026,0.0001,0.0005,0.0001,0.9993
2109,0.9998,0.9999,0.0002,0.9952,0.0046,0.0002,0.0110,0.0001,0.9887
2110,0.9999,0.9999,0.0049,0.0007,0.9944,0.9946,0.0004,0.0002,0.0048
2111,0.1566,0.9999,0.0249,0.0881,0.8871,0.9993,0.0000,0.0002,0.0005
2112,0.9996,0.9996,0.0001,0.9994,0.0004,0.0001,0.0006,0.0001,0.9992
2113,0.9992,0.9999,0.2028,0.0515,0.7456,0.7875,0.2086,0.0004,0.0035
2114,0.9999,0.9998,0.8885,0.0692,0.0423,0.0186,0.0008,0.0057,0.9748
2115,0.9501,0.9999,0.0030,0.9962,0.0008,0.0036,0.5584,0.0014,0.4366
2116,0.9998,0.9999,0.0019,0.0032,0.9948,0.9881,0.0085,0.0002,0.0032
2117,0.9997,0.9999,0.2143,0.3812,0.4045,0.2869,0.7128,0.0001,0.0003
2118,0.9999,0.9999,0.0021,0.9970,0.0009,0.0001,0.0048,0.0000,0.9951
2119,0.9999,0.0011,0.0236,0.6733,0.3031,0.1973,0.2774,0.0080,0.5173
2120,0.9999,0.0012,0.0741,0.9137,0.0122,0.0004,0.1214,0.0020,0.8762
2121,0.9996,0.9999,0.0012,0.9808,0.0180,0.0003,0.0015,0.0001,0.9981
2122,0.9991,0.9999,0.7361,0.1909,0.0729,0.0121,0.9616,0.0005,0.0258
2123,0.9990,0.9999,0.0004,0.9965,0.0031,0.0001,0.0004,0.0001,0.9994
2124,0.2790,0.9999,0.0023,0.9890,0.0086,0.0003,0.0102,0.0005,0.9890
2125,0.9999,0.9999,0.0032,0.9934,0.0034,0.0001,0.0002,0.0001,0.9996
2126,0.7634,0.0015,0.0029,0.9936,0.0035,0.0001,0.0003,0.0004,0.9992
2127,0.0334,0.9999,0.0177,0.9478,0.0345,0.0016,0.3723,0.0013,0.6247
2128,1.0000,0.9999,0.0037,0.9909,0.0054,0.0003,0.0017,0.0002,0.9978
2129,0.9999,0.9999,0.0004,0.9987,0.0009,0.0001,0.0004,0.0000,0.9995
2130,0.9999,0.0018,0.0285,0.9511,0.0204,0.0058,0.1356,0.0330,0.8256
2131,0.9998,0.9999,0.0031,0.9790,0.0178,0.0002,0.0017,0.0001,0.9980
2132,0.9998,0.9999,0.7019,0.2133,0.0849,0.0189,0.9587,0.0036,0.0189
2133,0.9995,0.9999,0.0007,0.9989,0.0003,0.0000,0.0002,0.0000,0.9997
2134,0.9999,0.9999,0.0005,0.9989,0.0006,0.0000,0.0008,0.0000,0.9991
2135,0.9999,0.0009,0.1547,0.8393,0.0060,0.0004,0.0709,0.0026,0.9261
2136,0.9936,0.9998,0.0007,0.9950,0.0043,0.0346,0.9527,0.0004,0.0122
2137,0.9999,0.0013,0.0257,0.9712,0.0031,0.0018,0.0281,0.0016,0.9685
2138,0.9841,0.9999,0.0003,0.9970,0.0027,0.0001,0.0008,0.0000,0.9990
2139,0.9999,0.9999,0.0003,0.9986,0.0011,0.0003,0.0094,0.0002,0.9901
2140,1.0000,0.9999,0.0006,0.9978,0.0016,0.0000,0.0003,0.0001,0.9996
2141,0.9857,0.9998,0.0209,0.9687,0.0105,0.0046,0.9904,0.0017,0.0033
2142,0.9937,0.0020,0.0021,0.9946,0.0034,0.0001,0.0021,0.0001,0.9977
2143,0.9726,0.9997,0.0020,0.9970,0.0010,0.0073,0.7509,0.0020,0.2398
2144,0.9997,0.9999,0.0004,0.9928,0.0068,0.0001,0.0007,0.0001,0.9992
2145,0.9995,0.9999,0.0229,0.0007,0.9764,0.9923,0.0033,0.0003,0.0040
2146,0.9999,0.9999,0.0027,0.9919,0.0054,0.0001,0.0009,0.0003,0.9988
2147,0.0542,0.9948,0.0008,0.9955,0.0037,0.0018,0.0090,0.0017,0.9875
2148,0.9916,0.9999,0.0002,0.9895,0.0103,0.0002,0.0004,0.0000,0.9993
2149,1.0000,0.0012,0.0279,0.9708,0.0013,0.0037,0.0340,0.0029,0.9594
2150,0.9977,0.0024,0.0006,0.9959,0.0036,0.0021,0.0072,0.0015,0.9892
2151,0.9997,0.9999,0.0052,0.0011,0.9937,0.9907,0.0007,0.0004,0.0082
2152,0.0384,0.9902,0.0009,0.9960,0.0031,0.0012,0.0089,0.0018,0.9881
2153,0.2282,0.9999,0.0073,0.0011,0.9916,0.9736,0.0001,0.0011,0.0252
2154,0.9993,0.9999,0.0039,0.9837,0.0123,0.0002,0.2452,0.0001,0.7545
2155,0.9951,0.0012,0.0010,0.9978,0.0012,0.0009,0.0767,0.0004,0.9220
2156,0.9820,0.9998,0.0365,0.8933,0.0701,0.0561,0.9417,0.0004,0.0018
2157,0.9760,0.9999,0.0002,0.9993,0.0005,0.0002,0.0010,0.0001,0.9988
2158,0.9999,0.0008,0.0005,0.9990,0.0006,0.0002,0.0038,0.0001,0.9960
2159,0.9990,0.9999,0.0025,0.9924,0.0051,0.0007,0.3443,0.0003,0.6546
2160,1.0000,0.9999,0.0010,0.9980,0.0010,0.0001,0.0015,0.0001,0.9984
2161,0.9987,0.9999,0.0010,0.9958,0.0032,0.0004,0.0122,0.0002,0.9873
2162,0.0215,0.9999,0.0007,0.9964,0.0030,0.0009,0.0036,0.0009,0.9946
2163,0.9996,0.9998,0.0019,0.9903,0.0078,0.0006,0.1974,0.0003,0.8017
2164,0.9213,0.9999,0.0068,0.9929,0.0003,0.0009,0.6901,0.0006,0.3084
2165,0.9999,0.9999,0.0123,0.9846,0.0031,0.0002,0.0007,0.0003,0.9988
2166,0.9970,0.9999,0.2388,0.4123,0.3488,0.1823,0.0013,0.0075,0.8088
2167,0.9998,0.9999,0.0005,0.9966,0.0029,0.0004,0.0079,0.0002,0.9915
2168,0.9999,0.0010,0.0011,0.9976,0.0013,0.0004,0.0011,0.0001,0.9984
2169,0.0041,0.9997,0.0096,0.0010,0.9894,0.9972,0.0000,0.0002,0.0026
2170,0.9988,0.9999,0.0767,0.8616,0.0617,0.0002,0.9761,0.0001,0.0236
2171,0.0320,0.9996,0.0142,0.9796,0.0063,0.0328,0.4337,0.0048,0.5286
2172,0.7141,0.9999,0.0059,0.9811,0.0130,0.0014,0.9356,0.0042,0.0588
2173,0.9962,0.0012,0.0020,0.9971,0.0009,0.0003,0.0235,0.0001,0.9760
2175,0.9999,0.0014,0.1599,0.8380,0.0021,0.0132,0.2840,0.0082,0.6946
2176,0.9997,0.9999,0.6897,0.0185,0.2918,0.7920,0.0060,0.0015,0.2005
2177,0.2165,0.9999,0.0020,0.9899,0.0080,0.0008,0.0030,0.0002,0.9960
2178,0.9998,0.9998,0.0081,0.9532,0.0388,0.0002,0.0019,0.0002,0.9977
2179,0.4710,0.9996,0.0061,0.0330,0.9609,0.0680,0.0976,0.0152,0.8193
2180,0.9973,0.0021,0.0049,0.9871,0.0080,0.0019,0.0067,0.0007,0.9906
2181,0.9997,0.9999,0.0029,0.0136,0.9835,0.9897,0.0075,0.0001,0.0028
2183,0.9996,0.9999,0.2658,0.5950,0.1393,0.0200,0.9401,0.0006,0.0393
2184,0.9990,1.0000,0.5736,0.0789,0.3476,0.4062,0.0048,0.0032,0.5858
2185,0.9981,0.9999,0.0763,0.7784,0.1453,0.0302,0.9424,0.0008,0.0267
2186,0.9905,0.0015,0.0017,0.9936,0.0047,0.0002,0.0005,0.0005,0.9989
2187,0.9996,0.9999,0.0049,0.0363,0.9588,0.9762,0.0160,0.0004,0.0074
2188,0.9998,0.9999,0.0033,0.9871,0.0096,0.0008,0.0171,0.0004,0.9818
2189,0.9948,0.9997,0.0054,0.7564,0.2382,0.9168,0.0144,0.0006,0.0682
2190,0.9985,0.9999,0.0011,0.9963,0.0026,0.0004,0.1659,0.0002,0.8335
2191,0.9999,0.0011,0.0122,0.9627,0.0251,0.0373,0.2668,0.0038,0.6921
2192,0.9999,0.9999,0.0015,0.9954,0.0031,0.0001,0.0007,0.0001,0.9991
2193,0.9997,0.9999,0.0010,0.9941,0.0049,0.0001,0.0011,0.0001,0.9987
2194,0.8114,0.9999,0.0111,0.9886,0.0003,0.0002,0.9781,0.0001,0.0216
2195,0.8861,0.9955,0.0120,0.9857,0.0023,0.0008,0.4119,0.0066,0.5808
2196,0.9982,0.9999,0.0007,0.9957,0.0036,0.0003,0.0006,0.0001,0.9990
2197,0.9999,0.0010,0.0024,0.9966,0.0010,0.0003,0.0319,0.0001,0.9678
2198,0.8322,0.9999,0.0091,0.9906,0.0003,0.0003,0.9501,0.0002,0.0493
2199,0.9892,0.9999,0.0010,0.9695,0.0295,0.0009,0.0018,0.0002,0.9971
2200,0.9991,0.9999,0.2910,0.6698,0.0391,0.4662,0.3880,0.0065,0.1394
2201,0.9997,0.9999,0.0919,0.0060,0.9021,0.9461,0.0328,0.0006,0.0205
2202,0.9031,0.9999,0.0031,0.9963,0.0006,0.0008,0.7083,0.0009,0.2900
2203,0.9316,0.9999,0.0007,0.9988,0.0005,0.0003,0.0086,0.0006,0.9905
2204,0.9988,0.0018,0.0239,0.9752,0.0009,0.0011,0.0065,0.0017,0.9907
2205,0.9993,0.9999,0.0406,0.1432,0.8163,0.9945,0.0033,0.0001,0.0021
2206,0.9736,0.9999,0.0004,0.9991,0.0005,0.0016,0.0224,0.0006,0.9755
2207,0.9979,1.0000,0.5352,0.1276,0.3372,0.2713,0.0102,0.0015,0.7170
2208,0.8863,0.9999,0.0002,0.9996,0.0001,0.0015,0.0853,0.0006,0.9126
2209,0.9622,0.9997,0.0274,0.1881,0.7845,0.0788,0.0007,0.0009,0.9196
2210,0.9997,0.9999,0.0004,0.9985,0.0011,0.0002,0.0382,0.0002,0.9614
2211,0.9999,0.9998,0.0049,0.0135,0.9817,0.9896,0.0018,0.0002,0.0084
2212,0.9863,0.9998,0.0017,0.9895,0.0089,0.0097,0.9466,0.0069,0.0367
2213,1.0000,0.0014,0.3862,0.5871,0.0267,0.0196,0.0420,0.0010,0.9374
2214,0.9851,0.9998,0.0023,0.9964,0.0013,0.0031,0.1963,0.0010,0.7996
2215,0.9987,0.9999,0.0082,0.9843,0.0075,0.0005,0.8022,0.0003,0.1970
2216,0.9999,0.0025,0.6711,0.3214,0.0075,0.0007,0.8879,0.0012,0.1101
2217,0.9941,0.9998,0.0020,0.9961,0.0019,0.0022,0.9180,0.0027,0.0771
2218,0.9998,0.9999,0.0015,0.9964,0.0021,0.0006,0.0576,0.0005,0.9414
2219,0.9992,0.9999,0.1679,0.5323,0.2998,0.5963,0.3601,0.0010,0.0427
2220,0.9926,0.0016,0.0006,0.9990,0.0005,0.0003,0.0126,0.0001,0.9870
2221,0.9933,0.9999,0.0303,0.9535,0.0161,0.0054,0.9799,0.0037,0.0110
2222,0.7878,0.9999,0.0033,0.9961,0.0006,0.0009,0.6138,0.0008,0.3845
2223,0.9998,0.0012,0.0417,0.9539,0.0043,0.0009,0.0067,0.0006,0.9918
2224,0.9994,0.9999,0.0544,0.8593,0.0863,0.0001,0.9906,0.0001,0.0093
2225,0.9999,0.9999,0.0029,0.9940,0.0032,0.0002,0.0008,0.0001,0.9989
2226,0.9995,0.0017,0.0051,0.9821,0.0127,0.0021,0.0069,0.0007,0.9902
2227,0.9992,0.9998,0.1896,0.6866,0.1238,0.0032,0.9949,0.0003,0.0016
2228,0.9708,0.0016,0.0123,0.9265,0.0612,0.0037,0.0386,0.0022,0.9554
2229,0.9999,0.9999,0.0015,0.9876,0.0109,0.0001,0.0010,0.0001,0.9988
2230,0.9993,0.9995,0.0026,0.9764,0.0210,0.0157,0.8907,0.0052,0.0884
2231,0.9945,0.9999,0.0576,0.0915,0.8509,0.3767,0.5712,0.0032,0.0489
2232,0.9961,1.0000,0.3717,0.0680,0.5603,0.8526,0.0293,0.0078,0.1103
2233,0.9999,0.0010,0.1246,0.8591,0.0164,0.0618,0.0853,0.0023,0.8506
2234,0.9874,0.9999,0.0303,0.0901,0.8795,0.5048,0.0016,0.0011,0.4925
2235,0.9977,0.9612,0.0030,0.9689,0.0281,0.0004,0.1971,0.0002,0.8024
2236,0.9968,0.9998,0.5291,0.2597,0.2112,0.0007,0.0084,0.0006,0.9903
2237,0.9915,0.9977,0.0137,0.9659,0.0204,0.0053,0.2732,0.0020,0.7194
2238,0.9977,0.9999,0.2300,0.7415,0.0285,0.0012,0.9956,0.0006,0.0025
2239,0.3501,0.9999,0.0009,0.9944,0.0047,0.0008,0.0230,0.0005,0.9756
2240,0.9446,0.9889,0.0202,0.9631,0.0167,0.0003,0.0213,0.0012,0.9771
2241,0.9997,0.9999,0.1576,0.2459,0.5965,0.8841,0.1116,0.0002,0.0042
2243,0.9631,0.9999,0.0007,0.9992,0.0001,0.0009,0.9397,0.0004,0.0590
2244,0.9967,0.9999,0.0023,0.9917,0.0060,0.0008,0.9077,0.0003,0.0912
2245,0.9947,0.0015,0.0048,0.9924,0.0028,0.0002,0.0005,0.0006,0.9987
2246,0.9992,0.9995,0.0168,0.9557,0.0275,0.0025,0.9745,0.0017,0.0213
2247,1.0000,0.9999,0.0051,0.9861,0.0089,0.0001,0.0011,0.0002,0.9986
2248,0.9866,0.9999,0.0029,0.9950,0.0021,0.0007,0.0457,0.0003,0.9533
2249,0.9465,0.9999,0.0391,0.8958,0.0652,0.0011,0.0679,0.0043,0.9267
2250,0.9999,0.9999,0.0007,0.9973,0.0020,0.0001,0.0004,0.0001,0.9994
2251,0.9975,0.0207,0.6670,0.0775,0.2555,0.0076,0.4021,0.0535,0.5369
2252,0.9998,0.8938,0.5973,0.1213,0.2814,0.5911,0.1296,0.0055,0.2738
2253,0.9910,0.9997,0.0011,0.9947,0.0041,0.0007,0.3270,0.0003,0.6719
2254,0.1717,0.9953,0.0013,0.9963,0.0024,0.0002,0.0025,0.0005,0.9968
2255,0.9996,0.9999,0.0003,0.9970,0.0027,0.0004,0.0095,0.0002,0.9898
2256,0.9998,0.9999,0.0065,0.0477,0.9458,0.9493,0.0384,0.0010,0.0113
2257,0.9920,0.9999,0.0013,0.9968,0.0018,0.0037,0.4472,0.0011,0.5480
2258,0.9997,0.0010,0.0039,0.9955,0.0006,0.0005,0.1657,0.0013,0.8326
2259,0.9990,0.9999,0.0255,0.0242,0.9503,0.9889,0.0104,0.0001,0.0006
2260,0.9995,0.9998,0.0006,0.9932,0.0063,0.0002,0.0006,0.0001,0.9991
2261,0.9591,0.9999,0.0183,0.0654,0.9163,0.8411,0.1467,0.0006,0.0116
2262,0.9922,0.9999,0.0203,0.9574,0.0223,0.0002,0.9735,0.0002,0.0260
2263,0.9999,0.9999,0.0004,0.9977,0.0019,0.0031,0.1406,0.0015,0.8548
2264,0.9605,0.9999,0.0032,0.9957,0.0011,0.0022,0.5062,0.0013,0.4903
2265,0.9993,0.9999,0.1437,0.6269,0.2294,0.0001,0.8277,0.0001,0.1721
2266,0.9722,0.9932,0.0084,0.9478,0.0438,0.0012,0.6405,0.0016,0.3566
2267,0.9934,0.9998,0.0564,0.8595,0.0841,0.0429,0.7317,0.0044,0.2210
2268,0.9702,0.9993,0.0019,0.9916,0.0065,0.0014,0.6516,0.0005,0.3465
2269,0.9994,0.9999,0.7403,0.1670,0.0927,0.0214,0.9657,0.0006,0.0123
2270,0.9998,0.0012,0.0268,0.9724,0.0008,0.0006,0.0859,0.0029,0.9106
2271,0.9990,0.9999,0.2338,0.7644,0.0018,0.0004,0.8555,0.0009,0.1432
2272,0.9979,0.9999,0.0053,0.9567,0.0379,0.0008,0.6366,0.0003,0.3623
2273,0.9958,0.9998,0.0053,0.8026,0.1921,0.4717,0.0156,0.0210,0.4918
2274,0.9973,0.9999,0.0003,0.9978,0.0019,0.0002,0.0005,0.0001,0.9993
2275,0.9275,0.9998,0.0138,0.1123,0.8739,0.9973,0.0002,0.0006,0.0020
2276,0.9999,0.9999,0.0026,0.9929,0.0045,0.0001,0.0009,0.0001,0.9989
2277,0.9998,0.9998,0.0043,0.9352,0.0605,0.0001,0.0018,0.0000,0.9981
2278,0.9974,0.0017,0.0029,0.9818,0.0154,0.0023,0.0421,0.0007,0.9549
2279,0.9922,0.9999,0.2487,0.0065,0.7448,0.1538,0.0007,0.0063,0.8392
2280,0.9999,0.0018,0.0015,0.9958,0.0027,0.0003,0.0006,0.0001,0.9991
2281,0.9999,0.0011,0.0019,0.9970,0.0011,0.0003,0.0066,0.0001,0.9930
2282,0.9998,0.9999,0.0010,0.9915,0.0075,0.0005,0.0061,0.0002,0.9931
2283,0.9852,0.9999,0.0068,0.0492,0.9440,0.9981,0.0001,0.0002,0.0016
2284,0.9988,0.9997,0.0283,0.8777,0.0941,0.0026,0.9951,0.0003,0.0020
2285,0.9995,0.9993,0.1707,0.8200,0.0093,0.0027,0.9938,0.0005,0.0030
2286,0.7710,0.9948,0.0012,0.9937,0.0051,0.0011,0.0967,0.0074,0.8949
2287,0.9989,0.9908,0.0018,0.9956,0.0026,0.0008,0.2323,0.0070,0.7600
2288,0.9999,0.9999,0.5238,0.1191,0.3572,0.8810,0.0941,0.0027,0.0222
2289,0.9678,0.9999,0.0041,0.9736,0.0223,0.0124,0.9434,0.0083,0.0358
2290,0.9710,0.0010,0.0155,0.4576,0.5269,0.9972,0.0001,0.0019,0.0008
2291,0.9883,0.9997,0.0028,0.9950,0.0022,0.0113,0.9211,0.0012,0.0664
2292,0.9557,0.9999,0.0004,0.9993,0.0003,0.0001,0.0029,0.0001,0.9969
2293,0.0054,0.9993,0.0193,0.0020,0.9786,0.9952,0.0001,0.0011,0.0035
2294,0.9994,0.0016,0.2867,0.7112,0.0021,0.0037,0.8616,0.0032,0.1314
2295,0.9996,0.9999,0.6852,0.1361,0.1787,0.1464,0.0239,0.0010,0.8287
2296,0.9997,0.9998,0.0081,0.0041,0.9878,0.9930,0.0048,0.0001,0.0021
2297,1.0000,0.9999,0.0002,0.9985,0.0013,0.0000,0.0003,0.0000,0.9996
2298,0.9997,0.9998,0.0004,0.9967,0.0029,0.0005,0.0011,0.0001,0.9983
2299,0.9997,0.9999,0.0107,0.0288,0.9604,0.9645,0.0247,0.0006,0.0102
2300,0.9996,0.9998,0.0001,0.9993,0.0006,0.0007,0.0738,0.0005,0.9250
2301,0.9962,0.9999,0.0006,0.9967,0.0027,0.0003,0.2358,0.0001,0.7639
2302,0.9999,0.9999,0.0069,0.9258,0.0673,0.0004,0.0139,0.0009,0.9848
2303,0.9999,0.9999,0.0007,0.9978,0.0016,0.0001,0.0004,0.0001,0.9994
2304,0.9750,0.9999,0.0081,0.0142,0.9777,0.5698,0.0004,0.0006,0.4293
2305,0.9999,0.0014,0.0200,0.9766,0.0034,0.0025,0.0668,0.0023,0.9284
2307,1.0000,0.0009,0.0015,0.9977,0.0007,0.0002,0.0370,0.0001,0.9628
2308,0.9999,0.0011,0.0010,0.9981,0.0009,0.0005,0.0043,0.0001,0.9951
2309,0.9998,0.9999,0.0002,0.9991,0.0007,0.0001,0.0021,0.0000,0.9977
2310,0.9996,0.9999,0.0043,0.7926,0.2032,0.0002,0.0031,0.0004,0.9963
2311,0.9995,0.0014,0.2986,0.6995,0.0019,0.0036,0.8986,0.0024,0.0954
2312,0.0559,0.9999,0.0017,0.9945,0.0038,0.0015,0.1030,0.0012,0.8943
2313,0.9914,0.9999,0.0003,0.9993,0.0004,0.0001,0.0021,0.0001,0.9977
2314,0.9508,0.9998,0.0098,0.9830,0.0071,0.0019,0.9830,0.0014,0.0137
2315,0.1473,0.9999,0.0013,0.9979,0.0007,0.0072,0.4081,0.0044,0.5803
2316,0.9988,0.9999,0.0020,0.9974,0.0006,0.0048,0.8745,0.0019,0.1188
2317,0.9992,0.9999,0.0004,0.9991,0.0004,0.0002,0.0308,0.0001,0.9689
2318,0.9999,0.9999,0.0007,0.9990,0.0003,0.0001,0.0026,0.0000,0.9973
2319,0.9998,0.9999,0.0020,0.9862,0.0118,0.0001,0.0262,0.0001,0.9735
2320,0.9980,1.0000,0.2725,0.1261,0.6014,0.3613,0.0054,0.0018,0.6315
2321,0.9674,0.9999,0.0009,0.9970,0.0022,0.0001,0.0007,0.0001,0.9991
2322,0.9998,1.0000,0.0146,0.0009,0.9845,0.9273,0.0022,0.0009,0.0696
2323,0.9996,0.9998,0.0008,0.9989,0.0004,0.0002,0.0026,0.0001,0.9972
2324,0.9999,0.9999,0.0003,0.9989,0.0008,0.0001,0.0006,0.0001,0.9993
2325,0.9948,0.9999,0.1608,0.8105,0.0287,0.0013,0.1726,0.0015,0.8246
2326,0.9989,0.9999,0.0034,0.9947,0.0019,0.0002,0.9770,0.0002,0.0226
2327,0.9988,0.9999,0.0350,0.7274,0.2376,0.0005,0.2856,0.0003,0.7135
2328,0.9998,0.9999,0.0003,0.9989,0.0008,0.0001,0.0005,0.0000,0.9994
2329,0.8217,0.9944,0.0064,0.0107,0.9829,0.0071,0.0045,0.0015,0.9869
2330,0.9873,0.9999,0.0018,0.9961,0.0021,0.0000,0.0009,0.0000,0.9990
2331,0.9999,0.9999,0.0002,0.9993,0.0005,0.0001,0.0004,0.0000,0.9994
2332,0.8799,0.9999,0.0005,0.9993,0.0002,0.0057,0.6479,0.0022,0.3443
2333,0.9089,0.9999,0.0025,0.9918,0.0056,0.0012,0.0278,0.0004,0.9706
2334,0.9956,0.9999,0.1773,0.6813,0.1413,0.0157,0.9829,0.0005,0.0009
2335,0.9930,0.9999,0.0015,0.9899,0.0086,0.0015,0.1114,0.0007,0.8864
2336,1.0000,0.9999,0.0162,0.9240,0.0598,0.0000,0.0004,0.0001,0.9995
2337,0.9845,0.0146,0.6567,0.0858,0.2575,0.0049,0.6190,0.0265,0.3496
2338,0.9998,0.9999,0.0006,0.9970,0.0024,0.0002,0.0118,0.0002,0.9878
2339,0.0283,0.9999,0.0031,0.9910,0.0058,0.0015,0.1139,0.0012,0.8834
2340,0.9992,0.9999,0.0003,0.9992,0.0005,0.0001,0.0006,0.0000,0.9992
2341,0.9996,0.9999,0.0007,0.9941,0.0051,0.0009,0.0640,0.0011,0.9341
2342,0.9996,0.9994,0.0024,0.9943,0.0033,0.0005,0.1478,0.0007,0.8510
2343,0.9987,0.9999,0.0003,0.9989,0.0008,0.0001,0.0004,0.0000,0.9995
2344,0.9971,0.9997,0.2628,0.7349,0.0023,0.0005,0.9965,0.0002,0.0028
2345,0.9978,0.9959,0.0028,0.9960,0.0012,0.0006,0.8018,0.0006,0.1969
2346,1.0000,0.0019,0.0061,0.9922,0.0017,0.0063,0.8138,0.0090,0.1708
2347,0.9986,0.9999,0.0012,0.9971,0.0017,0.0003,0.0011,0.0001,0.9985
2348,0.9626,0.9999,0.0025,0.9908,0.0067,0.0097,0.9000,0.0155,0.0749
2349,0.9960,0.9999,0.0025,0.9856,0.0119,0.0004,0.0507,0.0004,0.9485
2350,0.9991,0.9999,0.0054,0.9898,0.0048,0.0001,0.0006,0.0001,0.9992
2351,1.0000,0.0011,0.3992,0.5973,0.0035,0.0236,0.0510,0.0019,0.9235
2352,0.9982,0.9998,0.0013,0.9947,0.0039,0.0059,0.7943,0.0014,0.1983
2353,0.9997,0.9999,0.0003,0.9980,0.0017,0.0002,0.0071,0.0001,0.9926
2354,0.9986,0.9999,0.0131,0.9613,0.0256,0.0006,0.0018,0.0002,0.9973
2355,0.9996,0.9999,0.0089,0.9764,0.0147,0.0003,0.9738,0.0003,0.0255
2356,0.9966,0.9999,0.0010,0.9985,0.0005,0.0003,0.0560,0.0002,0.9435
2357,0.9998,0.9999,0.0287,0.8477,0.1236,0.0004,0.0220,0.0007,0.9769
2358,0.9999,0.9996,0.9587,0.0383,0.0030,0.0191,0.8952,0.0015,0.0842
2359,0.9998,0.9999,0.0419,0.7602,0.1979,0.0005,0.0334,0.0007,0.9654
2360,0.9994,0.9999,0.0688,0.7058,0.2254,0.0005,0.8464,0.0007,0.1524
2361,0.7006,0.9890,0.0197,0.9685,0.0118,0.0006,0.0536,0.0021,0.9437
2362,0.9955,0.9998,0.7862,0.2086,0.0053,0.0022,0.9770,0.0002,0.0206
2363,0.9994,0.9999,0.5211,0.0530,0.4259,0.9473,0.0168,0.0009,0.0349
2364,0.9986,0.9999,0.0002,0.9983,0.0015,0.0001,0.0007,0.0000,0.9992
2365,0.9973,0.9997,0.2242,0.6194,0.1564,0.0159,0.9270,0.0043,0.0528
2366,0.9973,0.9999,0.0015,0.9965,0.0020,0.0006,0.3745,0.0003,0.6246
2367,0.9999,0.0010,0.0406,0.9566,0.0028,0.0003,0.0696,0.0021,0.9280
2368,0.9997,0.9999,0.0006,0.9977,0.0017,0.0001,0.0005,0.0001,0.9993
2369,0.9990,0.9997,0.0021,0.9938,0.0041,0.0017,0.9935,0.0002,0.0047
2370,0.9999,0.9999,0.0012,0.9968,0.0019,0.0010,0.0127,0.0005,0.9858
2371,0.9952,0.9999,0.0008,0.9960,0.0032,0.0033,0.0343,0.0006,0.9618
2372,0.9913,0.9996,0.0291,0.4173,0.5536,0.0652,0.0019,0.0018,0.9312
2373,0.9999,0.9999,0.0022,0.0004,0.9974,0.9974,0.0011,0.0002,0.0013
2374,0.9974,0.9999,0.0508,0.9476,0.0015,0.0016,0.6496,0.0009,0.3479
2375,0.9777,0.9996,0.0009,0.9960,0.0031,0.0002,0.0017,0.0002,0.9980
2376,0.9994,0.9999,0.0008,0.9928,0.0064,0.0008,0.3464,0.0003,0.6525
2377,0.9997,0.9999,0.0126,0.3507,0.6368,0.0003,0.1749,0.0002,0.8246
2378,0.9990,0.9999,0.0424,0.9251,0.0324,0.0031,0.0010,0.0003,0.9956
2379,0.9884,0.9995,0.0679,0.8586,0.0735,0.1488,0.0736,0.0036,0.7739
2380,0.9995,0.9999,0.0004,0.9951,0.0045,0.0002,0.0080,0.0003,0.9915
2381,0.9973,0.0486,0.0941,0.8690,0.0369,0.3954,0.0037,0.2243,0.3767
2382,0.9993,0.9999,0.4795,0.0412,0.4792,0.3282,0.6714,0.0001,0.0003
2383,0.9907,0.9636,0.0102,0.9127,0.0771,0.0044,0.3783,0.0019,0.6155
2384,0.9984,0.9999,0.0008,0.9904,0.0088,0.0003,0.2332,0.0001,0.7664
2385,0.9873,0.9999,0.0203,0.9739,0.0058,0.0006,0.9412,0.0005,0.0577
2386,0.9999,0.0013,0.0031,0.9852,0.0117,0.0001,0.0005,0.0003,0.9990
2387,0.9443,0.2257,0.0088,0.5746,0.4167,0.1153,0.3411,0.0028,0.5408
2388,0.9971,0.9999,0.0006,0.9972,0.0022,0.0002,0.0011,0.0001,0.9986
2389,0.9998,0.9999,0.6087,0.2730,0.1183,0.2595,0.7171,0.0067,0.0167
2390,0.9990,0.9894,0.0025,0.9961,0.0014,0.0004,0.6655,0.0039,0.3302
2391,0.9954,0.9999,0.0005,0.9992,0.0004,0.0009,0.0261,0.0005,0.9725
2392,0.9594,0.9999,0.0010,0.9986,0.0003,0.0026,0.5528,0.0018,0.4428
2393,1.0000,0.9999,0.0044,0.9914,0.0042,0.0001,0.0006,0.0002,0.9991
2394,0.9998,0.9999,0.0024,0.9880,0.0096,0.0004,0.8381,0.0003,0.1613
2395,0.9918,0.9997,0.0963,0.2024,0.7012,0.5772,0.1454,0.0081,0.2693
2396,0.9927,0.9999,0.0189,0.9279,0.0532,0.0589,0.8694,0.0042,0.0674
2397,0.9963,0.9999,0.0072,0.9342,0.0587,0.0003,0.2577,0.0001,0.7419
2398,0.9998,0.9999,0.3844,0.1189,0.4967,0.8799,0.0918,0.0018,0.0265
2399,0.9972,0.9938,0.8540,0.0823,0.0638,0.0584,0.0067,0.3585,0.5764
2400,0.9945,0.9999,0.0003,0.9975,0.0022,0.0001,0.0014,0.0001,0.9984
2401,0.7186,0.9999,0.0069,0.9918,0.0013,0.0001,0.0229,0.0007,0.9763
2402,1.0000,0.0010,0.1432,0.8446,0.0122,0.0005,0.1530,0.0034,0.8431
2403,0.9995,0.9999,0.0031,0.9942,0.0027,0.0009,0.1462,0.0003,0.8526
2404,0.9998,0.9999,0.0002,0.9988,0.0010,0.0001,0.0004,0.0000,0.9995
2405,0.3616,0.9999,0.0024,0.9970,0.0006,0.0024,0.3505,0.0016,0.6455
2406,1.0000,0.0008,0.1626,0.8322,0.0052,0.0586,0.0443,0.0019,0.8952
2407,0.9999,0.9999,0.0015,0.0007,0.9978,0.9958,0.0027,0.0001,0.0014
2408,1.0000,0.0010,0.3543,0.6330,0.0127,0.0158,0.0516,0.0014,0.9312
2409,0.9997,0.9999,0.0009,0.9974,0.0017,0.0005,0.0028,0.0002,0.9965
2410,0.9997,0.9999,0.3840,0.4665,0.1494,0.0500,0.9212,0.0017,0.0271
2411,0.9949,0.9997,0.0009,0.9940,0.0051,0.0002,0.0116,0.0001,0.9881
2412,0.9953,0.9999,0.0009,0.9949,0.0042,0.0003,0.2684,0.0003,0.7309
2413,1.0000,0.0013,0.0282,0.9683,0.0036,0.0030,0.0032,0.0004,0.9933
2414,0.9994,0.9999,0.2042,0.5961,0.1997,0.0447,0.9011,0.0018,0.0524
2415,0.9995,0.9999,0.1065,0.8672,0.0264,0.0073,0.9914,0.0003,0.0009
2416,0.0011,0.0391,0.0008,0.0003,0.9989,0.9977,0.0008,0.0011,0.0005
2417,0.9987,1.0000,0.0006,0.9952,0.0042,0.0014,0.0611,0.0007,0.9368
2418,0.9994,0.9999,0.0045,0.5750,0.4205,0.0013,0.4169,0.0006,0.5811
2419,0.9992,0.9999,0.0010,0.9954,0.0036,0.0004,0.0415,0.0002,0.9579
2420,0.9989,0.9991,0.8701,0.1259,0.0041,0.1269,0.6447,0.0185,0.2099
2421,0.8512,0.9949,0.0094,0.9888,0.0017,0.0002,0.1017,0.0011,0.8971
2422,0.9997,0.9999,0.0016,0.9948,0.0036,0.0001,0.0011,0.0001,0.9988
2423,0.9637,0.9996,0.1045,0.0608,0.8346,0.9326,0.0013,0.0078,0.0583
2424,0.9973,0.9999,0.0015,0.9982,0.0003,0.0188,0.8879,0.0026,0.0907
2425,0.1361,0.9995,0.3706,0.0028,0.6265,0.9845,0.0114,0.0015,0.0026
2426,0.9987,1.0000,0.8238,0.1203,0.0559,0.0087,0.0111,0.0007,0.9795
2427,0.9996,0.0020,0.0221,0.9748,0.0031,0.0002,0.0012,0.0005,0.9981
2429,0.9974,0.9998,0.0106,0.8677,0.1217,0.0157,0.9767,0.0016,0.0061
2430,0.9987,1.0000,0.8000,0.1354,0.0646,0.0134,0.0057,0.0021,0.9788
2431,0.9986,0.9999,0.0014,0.9967,0.0019,0.0020,0.5850,0.0014,0.4116
2432,0.9994,0.9998,0.0013,0.9970,0.0016,0.0009,0.2966,0.0003,0.7022
2433,0.9997,0.9999,0.0002,0.9956,0.0041,0.0003,0.0022,0.0001,0.9974
2434,0.9999,0.9999,0.0032,0.9739,0.0229,0.0001,0.0030,0.0001,0.9968
2435,0.1122,0.9999,0.0026,0.8580,0.1395,0.0166,0.6204,0.0025,0.3605
2436,0.9795,0.0015,0.0018,0.9954,0.0028,0.0001,0.0003,0.0002,0.9993
2437,0.5945,0.9999,0.0005,0.9987,0.0009,0.0002,0.0018,0.0005,0.9975
2438,0.9931,0.0010,0.0214,0.8917,0.0869,0.1484,0.0453,0.0813,0.7250
2439,0.9997,0.9999,0.0007,0.9986,0.0008,0.0002,0.0025,0.0001,0.9971
2440,1.0000,0.9999,0.0242,0.7805,0.1954,0.0002,0.0039,0.0004,0.9955
2441,0.2589,0.9995,0.0020,0.3094,0.6886,0.7149,0.1688,0.0183,0.0980
2442,0.9999,0.9999,0.0024,0.9946,0.0030,0.0001,0.0008,0.0001,0.9990
2443,0.9806,0.9999,0.0223,0.9440,0.0337,0.0071,0.7109,0.0011,0.2809
2444,0.9998,0.0014,0.0010,0.9986,0.0003,0.0008,0.0151,0.0003,0.9838
2445,0.9996,0.9963,0.0125,0.1955,0.7920,0.0002,0.0050,0.0006,0.9943
2446,0.0204,0.9999,0.0011,0.9938,0.0051,0.0006,0.0018,0.0006,0.9970
2447,0.9999,0.0011,0.0363,0.9578,0.0059,0.0091,0.0017,0.0036,0.9856
2448,0.9997,0.9998,0.0055,0.0011,0.9934,0.9959,0.0019,0.0001,0.0021
2449,0.9933,0.9997,0.0060,0.9898,0.0042,0.0064,0.9627,0.0005,0.0304
2450,0.9976,0.9999,0.0039,0.9955,0.0007,0.0008,0.0547,0.0015,0.9430
2451,0.9977,0.9997,0.1895,0.7991,0.0114,0.0024,0.9128,0.0006,0.0842
2452,0.9970,0.9922,0.0011,0.9838,0.0151,0.0004,0.1240,0.0037,0.8718
2453,0.9988,0.9983,0.3427,0.0171,0.6402,0.6692,0.0008,0.2384,0.0915
2454,0.9984,0.9999,0.0685,0.9066,0.0249,0.0056,0.9925,0.0002,0.0017
2455,0.9951,0.9997,0.0008,0.9952,0.0040,0.0002,0.0090,0.0001,0.9907
2456,0.9991,0.9999,0.0011,0.9962,0.0026,0.0004,0.1260,0.0002,0.8734
2457,0.9999,0.9999,0.0003,0.9987,0.0010,0.0002,0.0082,0.0002,0.9914
2458,0.9872,0.9999,0.1884,0.6956,0.1160,0.0002,0.9824,0.0002,0.0172
2459,0.9999,0.0025,0.7268,0.2723,0.0008,0.0014,0.9344,0.0067,0.0575
2460,0.9998,0.0011,0.0171,0.9798,0.0031,0.0007,0.0056,0.0005,0.9933
2461,0.9987,0.9999,0.0003,0.9993,0.0003,0.0001,0.0014,0.0001,0.9984
2462,0.9921,0.9999,0.0003,0.9987,0.0010,0.0002,0.0029,0.0001,0.9967
2463,0.9997,0.0010,0.0256,0.9626,0.0118,0.0041,0.0484,0.0013,0.9462
2464,0.9999,0.0022,0.0155,0.9836,0.0009,0.0010,0.5917,0.0075,0.3998
2465,0.9976,0.9995,0.8502,0.0113,0.1385,0.0318,0.0036,0.0450,0.9196
2466,0.9888,1.0000,0.1806,0.1049,0.7145,0.2858,0.0151,0.0033,0.6958
2467,0.9918,0.9993,0.0019,0.0569,0.9412,0.9841,0.0092,0.0004,0.0062
2468,0.9998,0.9999,0.0008,0.9986,0.0006,0.0000,0.0003,0.0001,0.9996
2469,0.9997,0.9999,0.0118,0.0062,0.9819,0.9978,0.0011,0.0001,0.0010
2470,1.0000,0.9999,0.0076,0.9861,0.0063,0.0003,0.0017,0.0004,0.9976
2471,0.9969,1.0000,0.1219,0.0740,0.8041,0.9460,0.0276,0.0034,0.0231
2472,0.9998,0.9999,0.0002,0.9989,0.0009,0.0002,0.0195,0.0001,0.9801
2473,0.9933,0.9999,0.0156,0.8943,0.0901,0.0080,0.0027,0.0006,0.9888
2474,0.9708,0.9999,0.0182,0.9605,0.0213,0.0008,0.0198,0.0013,0.9781
2475,0.9996,0.9999,0.0004,0.9981,0.0015,0.0003,0.0101,0.0001,0.9895
2476,0.9980,0.9999,0.1539,0.8268,0.0193,0.0004,0.0543,0.0017,0.9436
2477,0.9995,0.9999,0.0184,0.1511,0.8306,0.9879,0.0035,0.0002,0.0084
2478,0.9968,0.9999,0.0012,0.9983,0.0005,0.0009,0.0468,0.0004,0.9519
2479,0.0794,0.9944,0.0035,0.9947,0.0019,0.0108,0.2816,0.0029,0.7046
2480,0.9960,0.9999,0.0212,0.7618,0.2170,0.0877,0.5758,0.0016,0.3349
2481,0.9977,0.9998,0.0036,0.9764,0.0200,0.0539,0.8089,0.0012,0.1359
2482,0.9999,0.0018,0.0111,0.9630,0.0260,0.0016,0.0048,0.0003,0.9934
2483,0.9932,0.9999,0.0014,0.9977,0.0009,0.0054,0.5804,0.0023,0.4120
2484,0.9977,0.9999,0.0007,0.9989,0.0004,0.0004,0.0068,0.0002,0.9927
2485,0.9992,0.0027,0.0060,0.9851,0.0089,0.0528,0.1450,0.2430,0.5592
2486,0.9999,0.0011,0.0025,0.9943,0.0032,0.0001,0.0006,0.0002,0.9991
2487,0.9982,0.0014,0.4480,0.5483,0.0037,0.0003,0.0596,0.0002,0.9399
2488,0.9999,0.9999,0.0007,0.9979,0.0014,0.0001,0.0004,0.0001,0.9995
2489,0.9991,0.9999,0.0010,0.9932,0.0058,0.0003,0.0319,0.0001,0.9677
2490,0.9932,0.9999,0.0010,0.9986,0.0004,0.0046,0.4383,0.0012,0.5558
2491,0.9926,0.9999,0.0711,0.8832,0.0457,0.0029,0.9718,0.0038,0.0216
2492,0.9980,0.9999,0.1781,0.5312,0.2908,0.0349,0.9107,0.0008,0.0536
2493,0.9997,0.9999,0.1566,0.0242,0.8192,0.9857,0.0058,0.0006,0.0079
2494,0.9994,0.9999,0.0053,0.9620,0.0327,0.1220,0.3381,0.0024,0.5376
2495,0.8429,0.9999,0.0004,0.9993,0.0002,0.0019,0.0191,0.0008,0.9782
2496,1.0000,0.0016,0.2121,0.7851,0.0028,0.0023,0.0749,0.0013,0.9214
2497,0.9980,0.9999,0.1315,0.3766,0.4920,0.3557,0.4273,0.0033,0.2136
2498,0.9999,0.9999,0.0006,0.9972,0.0023,0.0001,0.0002,0.0000,0.9997
2499,0.9899,0.0014,0.0037,0.9949,0.0013,0.0004,0.1540,0.0003,0.8453
2500,0.9997,0.9999,0.0011,0.9971,0.0018,0.0003,0.0110,0.0001,0.9886
2501,0.9988,0.9998,0.0011,0.9924,0.0065,0.0002,0.0007,0.0001,0.9989
2502,0.7580,0.9999,0.0009,0.3550,0.6441,0.0006,0.0220,0.0008,0.9766
2503,0.0034,0.9982,0.0224,0.0003,0.9773,0.9972,0.0000,0.0002,0.0025
2504,1.0000,0.9999,0.0012,0.9976,0.0012,0.0001,0.0005,0.0001,0.9993
2505,0.9999,0.9999,0.0025,0.9958,0.0017,0.0000,0.0036,0.0000,0.9964
2506,0.9998,0.0011,0.0023,0.9945,0.0032,0.0002,0.0007,0.0003,0.9988
2507,0.4478,0.9999,0.0087,0.0018,0.9895,0.8419,0.0010,0.0031,0.1540
2508,0.9750,0.9995,0.1585,0.7759,0.0656,0.4303,0.4251,0.0104,0.1342
2509,0.3679,0.9999,0.0056,0.9838,0.0106,0.0003,0.0179,0.0012,0.9806
2510,0.9999,0.9998,0.0093,0.2997,0.6910,0.9913,0.0011,0.0002,0.0074
2511,0.9929,0.9996,0.0008,0.9942,0.0050,0.0003,0.0020,0.0002,0.9975
2512,0.9716,0.9998,0.0005,0.9993,0.0002,0.0024,0.5934,0.0014,0.4027
2513,0.9998,0.9999,0.0013,0.9898,0.0089,0.0002,0.0070,0.0002,0.9926
2514,0.3055,0.9999,0.1807,0.0145,0.8048,0.9906,0.0001,0.0011,0.0082
2515,0.9998,0.1148,0.0057,0.9878,0.0065,0.0027,0.9710,0.0011,0.0252
2516,0.9959,0.9999,0.3619,0.0957,0.5424,0.9834,0.0086,0.0005,0.0075
2517,1.0000,0.9999,0.0077,0.9861,0.0063,0.0003,0.0013,0.0002,0.9982
2518,0.9887,0.9999,0.0293,0.0720,0.8987,0.8056,0.1878,0.0005,0.0061
2519,0.9997,0.9999,0.2238,0.5247,0.2515,0.1658,0.0863,0.0019,0.7459
2520,0.0418,0.9999,0.0014,0.9966,0.0020,0.0019,0.1557,0.0011,0.8413
2521,0.9998,0.9998,0.0017,0.9959,0.0025,0.0001,0.0002,0.0001,0.9996
2522,0.9999,0.0017,0.0361,0.9610,0.0029,0.0004,0.0027,0.0002,0.9967
2523,0.9999,0.9915,0.0108,0.9547,0.0344,0.0004,0.0287,0.0003,0.9707
2524,0.9973,0.9997,0.2030,0.6489,0.1481,0.0066,0.9666,0.0022,0.0246
2525,0.9988,0.9999,0.0016,0.9971,0.0014,0.0002,0.0371,0.0001,0.9626
2526,0.9998,0.9999,0.0006,0.9989,0.0004,0.0000,0.0002,0.0000,0.9997
2527,0.9988,0.9999,0.7567,0.1027,0.1406,0.0739,0.0110,0.0006,0.9146
2528,0.9958,0.9999,0.3180,0.5466,0.1354,0.0171,0.8398,0.0017,0.1414
2529,0.9998,0.9999,0.5510,0.2136,0.2354,0.0992,0.0203,0.0006,0.8798
2530,0.9981,0.9998,0.0057,0.9933,0.0010,0.0044,0.5675,0.0026,0.4256
2531,0.9966,0.9999,0.5198,0.4526,0.0276,0.0106,0.9656,0.0004,0.0235
2532,0.9998,0.9999,0.0007,0.9970,0.0023,0.0001,0.0022,0.0001,0.9977
2533,1.0000,0.9999,0.0004,0.9987,0.0008,0.0000,0.0004,0.0000,0.9995
2534,0.0054,0.9999,0.0177,0.0038,0.9785,0.9785,0.0001,0.0021,0.0193
2535,0.9963,0.9999,0.0011,0.9977,0.0011,0.0096,0.2979,0.0019,0.6907
2536,0.9984,0.9994,0.0082,0.9384,0.0533,0.0016,0.4845,0.0074,0.5065
2537,0.9995,0.0018,0.0314,0.9665,0.0020,0.0004,0.0026,0.0009,0.9961
2538,0.9998,0.9999,0.0642,0.0251,0.9107,0.9424,0.0563,0.0002,0.0011
2539,0.9995,0.0017,0.0063,0.9934,0.0002,0.0022,0.0427,0.0023,0.9529
2540,0.9993,0.9999,0.0005,0.9991,0.0004,0.0007,0.1394,0.0002,0.8597
2541,0.9999,0.9999,0.0020,0.9910,0.0069,0.0001,0.0006,0.0001,0.9992
2542,0.9921,0.9999,0.0042,0.9611,0.0347,0.0008,0.4173,0.0008,0.5811
2543,0.9960,0.9998,0.0068,0.9426,0.0506,0.0010,0.0360,0.0011,0.9619
2544,0.9999,0.0008,0.0006,0.9987,0.0006,0.0002,0.0045,0.0001,0.9952
2545,0.9954,0.9999,0.1860,0.0114,0.8027,0.7658,0.1254,0.0019,0.1069
2546,0.9784,0.9999,0.0513,0.9365,0.0122,0.0002,0.9618,0.0002,0.0378
2547,0.9985,0.9999,0.0005,0.9985,0.0010,0.0004,0.0236,0.0001,0.9759
2548,0.9967,0.9999,0.0097,0.9675,0.0228,0.0007,0.7548,0.0006,0.2440
2549,0.9796,0.0024,0.0236,0.9588,0.0176,0.0123,0.2900,0.0064,0.6913
2550,0.9997,0.9999,0.1809,0.5497,0.2694,0.7109,0.0048,0.0461,0.2382
2551,1.0000,0.0011,0.3091,0.6743,0.0166,0.1155,0.2364,0.0034,0.6448
2552,0.9999,0.9999,0.0076,0.0011,0.9912,0.9897,0.0011,0.0003,0.0089
2553,0.9999,0.9999,0.0029,0.7941,0.2030,0.0002,0.0036,0.0008,0.9953
2554,0.8814,0.9999,0.0083,0.9905,0.0012,0.0003,0.8781,0.0002,0.1214
2555,0.9999,0.9999,0.1620,0.1882,0.6497,0.3721,0.6001,0.0012,0.0266
2556,0.1749,0.0129,0.0050,0.0504,0.9446,0.0801,0.0086,0.0076,0.9038
2557,0.9979,0.9999,0.0320,0.8486,0.1195,0.0060,0.9929,0.0002,0.0009
2558,0.1347,0.9998,0.0088,0.0013,0.9899,0.7822,0.0034,0.0235,0.1909
2559,0.9936,1.0000,0.5405,0.1535,0.3060,0.5380,0.0136,0.0039,0.4445
2560,0.9888,0.9999,0.1059,0.7910,0.1031,0.0091,0.9066,0.0023,0.0820
2561,0.9995,0.9997,0.5852,0.2914,0.1234,0.0358,0.9166,0.0006,0.0469
2562,1.0000,0.0012,0.2099,0.7541,0.0360,0.0219,0.0438,0.0012,0.9332
2563,0.9997,0.9999,0.1599,0.3176,0.5225,0.0003,0.0075,0.0011,0.9911
2564,0.9997,0.9999,0.0002,0.9986,0.0012,0.0001,0.0031,0.0001,0.9967
2565,0.9981,0.9999,0.2631,0.0370,0.6999,0.7733,0.0006,0.0111,0.2150
2566,0.9940,0.9999,0.0227,0.0667,0.9105,0.1440,0.0024,0.0022,0.8514
2567,0.9950,0.9998,0.0005,0.9973,0.0022,0.0004,0.0007,0.0001,0.9988
2568,0.9999,0.9999,0.0006,0.9985,0.0009,0.0007,0.0173,0.0005,0.9814
2569,0.9998,0.9999,0.0701,0.0222,0.9077,0.8829,0.1151,0.0003,0.0016
2570,0.9997,0.9999,0.0009,0.9986,0.0005,0.0002,0.0339,0.0001,0.9658
2571,0.9988,0.9999,0.0007,0.9968,0.0025,0.0003,0.0288,0.0001,0.9707
2572,0.9999,0.0011,0.0020,0.9960,0.0020,0.0003,0.0045,0.0001,0.9951
2573,0.5223,0.9999,0.0081,0.9757,0.0162,0.0018,0.2255,0.0013,0.7713
2574,0.0008,0.9905,0.0013,0.0052,0.9935,0.9971,0.0001,0.0025,0.0003
2575,0.8648,0.9999,0.0006,0.9991,0.0003,0.0004,0.0261,0.0004,0.9731
2576,0.9910,0.9997,0.0024,0.0157,0.9819,0.0052,0.0104,0.0038,0.9807
2577,0.0008,0.3925,0.0011,0.0045,0.9944,0.9972,0.0001,0.0021,0.0006
2578,0.5868,0.9999,0.0008,0.9991,0.0002,0.0005,0.9331,0.0002,0.0661
2579,0.2613,0.9998,0.0745,0.1112,0.8143,0.9974,0.0000,0.0018,0.0007
2580,0.3731,0.9999,0.0024,0.9910,0.0066,0.0020,0.4030,0.0013,0.5937
2581,0.9987,0.9999,0.0003,0.9975,0.0023,0.0002,0.0010,0.0001,0.9987
2582,0.9979,0.9999,0.0003,0.9963,0.0034,0.0001,0.0005,0.0000,0.9993
2583,0.9937,0.0017,0.0330,0.8867,0.0803,0.0001,0.0006,0.0003,0.9990
2584,0.9958,0.0025,0.1405,0.8572,0.0023,0.0046,0.4836,0.0178,0.4940
2585,0.9921,0.9998,0.0004,0.9990,0.0006,0.0022,0.1053,0.0005,0.8921
2586,0.9998,0.9999,0.0016,0.9968,0.0016,0.0000,0.0017,0.0000,0.9982
2587,0.9932,0.9999,0.0012,0.9925,0.0063,0.0003,0.0427,0.0002,0.9569
2588,0.9979,0.9999,0.0012,0.9980,0.0008,0.0008,0.3615,0.0003,0.6373
2589,0.9998,0.9999,0.9696,0.0211,0.0093,0.0180,0.9605,0.0007,0.0208
2590,0.9896,0.9999,0.0248,0.7614,0.2137,0.8537,0.1325,0.0045,0.0093
2591,0.9996,0.9999,0.0008,0.9984,0.0008,0.0000,0.0003,0.0000,0.9996
2592,0.9999,0.0007,0.0697,0.9166,0.0137,0.0446,0.0455,0.0014,0.9084
2593,0.9487,0.9993,0.4624,0.5194,0.0182,0.2166,0.0408,0.0102,0.7325
2594,0.9982,0.9989,0.8899,0.0009,0.1093,0.1061,0.0050,0.8191,0.0698
2595,0.9999,0.9999,0.0022,0.9183,0.0795,0.0002,0.0050,0.0002,0.9946
2596,0.9986,0.9999,0.0453,0.5398,0.4149,0.0014,0.1233,0.0017,0.8736
2597,1.0000,0.0013,0.2007,0.7808,0.0185,0.1825,0.1031,0.0517,0.6626
2598,0.9977,0.9996,0.8115,0.1840,0.0044,0.0004,0.9974,0.0001,0.0021
2599,0.9990,0.0025,0.0008,0.9951,0.0041,0.0008,0.0014,0.0002,0.9977
2600,0.9999,0.0025,0.0970,0.9011,0.0019,0.0034,0.5856,0.0118,0.3992
2601,0.1292,0.9999,0.0017,0.9866,0.0117,0.0012,0.0014,0.0005,0.9968
2602,0.9993,0.9999,0.0006,0.9980,0.0014,0.0005,0.0481,0.0003,0.9512
2603,0.9990,0.0021,0.0018,0.9922,0.0060,0.0009,0.0045,0.0004,0.9942
2604,0.9994,0.9999,0.1062,0.8111,0.0827,0.1129,0.8454,0.0082,0.0335
2605,0.9999,0.0035,0.0351,0.8788,0.0861,0.1088,0.7819,0.0019,0.1075
2606,0.9977,0.9999,0.0011,0.9947,0.0042,0.0003,0.5496,0.0003,0.4497
2607,0.9999,0.0011,0.1635,0.8117,0.0248,0.0501,0.0087,0.0068,0.9345
2608,0.9999,0.0013,0.0018,0.9875,0.0108,0.0001,0.0005,0.0003,0.9991
2609,0.9993,0.9999,0.0005,0.9955,0.0040,0.0003,0.0026,0.0001,0.9970
2610,0.9850,0.9999,0.0027,0.9856,0.0117,0.0192,0.9037,0.0067,0.0704
2611,0.9996,0.0018,0.0011,0.9980,0.0009,0.0003,0.0008,0.0001,0.9988
2612,0.9995,0.9995,0.0145,0.9761,0.0094,0.0006,0.0308,0.0065,0.9621
2613,0.9976,0.0012,0.0137,0.9055,0.0809,0.0002,0.0007,0.0002,0.9990
2614,0.8541,0.9994,0.0082,0.9487,0.0431,0.4176,0.5359,0.0008,0.0457
2615,0.9999,0.9999,0.0003,0.9992,0.0005,0.0001,0.0006,0.0001,0.9992
2616,0.9995,0.9999,0.0064,0.4668,0.5269,0.0001,0.0042,0.0001,0.9956
2617,0.9936,1.0000,0.4918,0.1687,0.3395,0.6577,0.0395,0.0110,0.2919
2618,0.9879,0.9949,0.0092,0.9678,0.0230,0.0002,0.0115,0.0012,0.9871
2619,0.9998,0.9999,0.7809,0.0087,0.2104,0.9088,0.0026,0.0013,0.0873
2620,0.1125,0.9999,0.0234,0.0079,0.9687,0.9982,0.0000,0.0003,0.0015
2621,0.9904,0.9999,0.0042,0.9886,0.0072,0.0002,0.0172,0.0012,0.9813
2622,0.1638,0.9999,0.0016,0.8889,0.1095,0.0016,0.5268,0.0024,0.4692
2623,0.1520,0.9999,0.0017,0.9792,0.0191,0.0004,0.0010,0.0005,0.9981
2624,0.9889,1.0000,0.0455,0.9276,0.0269,0.0003,0.9420,0.0002,0.0574
2625,0.8867,0.9999,0.0059,0.2721,0.7221,0.9605,0.0007,0.0028,0.0360
2626,0.9124,0.9996,0.0003,0.9995,0.0002,0.0025,0.2356,0.0010,0.7609
2627,0.9960,0.9999,0.0051,0.9931,0.0018,0.0033,0.1344,0.0009,0.8613
2628,0.9997,0.9999,0.0139,0.7387,0.2474,0.0006,0.2041,0.0003,0.7950
2629,0.0379,0.9999,0.0205,0.0042,0.9752,0.9868,0.0001,0.0004,0.0127
2630,1.0000,0.9999,0.0015,0.9930,0.0055,0.0001,0.0025,0.0001,0.9974
2631,0.9995,1.0000,0.0006,0.9646,0.0347,0.0007,0.0301,0.0005,0.9687
2632,0.9960,0.9999,0.5173,0.4641,0.0186,0.0023,0.9850,0.0004,0.0124
2633,0.9967,0.9999,0.0014,0.9973,0.0013,0.0013,0.6482,0.0005,0.3501
2634,0.3324,0.9999,0.0006,0.9986,0.0007,0.0000,0.0024,0.0000,0.9975
2635,0.9998,0.9999,0.0002,0.9991,0.0006,0.0002,0.0007,0.0001,0.9991
2636,0.9998,0.9999,0.0030,0.9946,0.0024,0.0001,0.0003,0.0000,0.9995
2637,0.9999,0.0014,0.0341,0.9620,0.0039,0.0011,0.0101,0.0007,0.9881
2638,0.9988,0.9999,0.0047,0.9920,0.0032,0.0006,0.7686,0.0003,0.2304
2639,0.9994,0.9999,0.0006,0.9965,0.0029,0.0003,0.0442,0.0001,0.9553
2640,0.9996,0.9999,0.1920,0.4232,0.3848,0.3898,0.5617,0.0057,0.0428
2641,0.9964,0.9996,0.9431,0.0295,0.0273,0.1066,0.1070,0.3866,0.3997
2642,0.9980,0.9998,0.1734,0.7942,0.0324,0.0050,0.9927,0.0004,0.0019
2643,0.9975,0.9999,0.0066,0.9887,0.0048,0.0002,0.0269,0.0008,0.9722
2644,0.9988,0.9999,0.1828,0.6490,0.1682,0.0004,0.8048,0.0003,0.1945
2645,0.9979,0.9999,0.0101,0.9859,0.0040,0.0002,0.7306,0.0002,0.2689
2646,0.9966,0.9999,0.0018,0.9974,0.0008,0.0010,0.3462,0.0003,0.6524
2647,0.9980,0.9999,0.3338,0.0338,0.6325,0.6544,0.3432,0.0006,0.0018
2648,0.9996,0.9999,0.0047,0.9794,0.0159,0.0910,0.7793,0.0066,0.1231
2649,0.9979,0.9997,0.1607,0.6761,0.1633,0.0074,0.9602,0.0014,0.0311
2650,0.9997,0.0021,0.0054,0.9767,0.0179,0.0416,0.1113,0.3964,0.4507
2651,0.9996,0.9999,0.0014,0.9982,0.0005,0.0005,0.2040,0.0003,0.7953
2652,0.9903,0.9942,0.0739,0.7524,0.1736,0.0013,0.1067,0.0055,0.8865
2653,0.9997,0.9999,0.0039,0.9839,0.0122,0.0000,0.0002,0.0000,0.9998
2654,0.9995,0.9998,0.0467,0.7720,0.1813,0.0010,0.4028,0.0008,0.5954
2655,0.9999,0.9999,0.0005,0.9966,0.0029,0.0003,0.0039,0.0002,0.9956
2656,1.0000,0.9999,0.0083,0.9837,0.0080,0.0001,0.0003,0.0001,0.9996
2657,0.9419,0.9999,0.0139,0.9847,0.0014,0.0007,0.9214,0.0004,0.0775
2658,0.9995,0.0021,0.0044,0.9888,0.0069,0.0008,0.0023,0.0003,0.9966
2659,0.9776,0.9999,0.0014,0.9938,0.0047,0.0148,0.9100,0.0066,0.0686
2660,0.9982,0.9996,0.1265,0.8624,0.0112,0.0026,0.9352,0.0008,0.0613
2661,0.9997,0.9999,0.0028,0.0175,0.9797,0.9786,0.0202,0.0001,0.0010
2662,0.9953,0.9999,0.0005,0.9992,0.0003,0.0002,0.0171,0.0001,0.9825
2663,0.9998,0.9999,0.3274,0.0258,0.6468,0.8145,0.1697,0.0010,0.0147
2664,0.9985,0.9998,0.0112,0.9387,0.0501,0.0008,0.0929,0.0008,0.9056
2665,0.9985,0.9966,0.5027,0.4481,0.0492,0.0014,0.9926,0.0001,0.0060
2666,0.9896,0.9999,0.0512,0.4637,0.4851,0.6129,0.3811,0.0006,0.0054
2667,0.9887,0.9999,0.0035,0.9875,0.0090,0.0392,0.0337,0.0023,0.9248
2668,0.9950,0.9999,0.0028,0.9938,0.0035,0.0001,0.0088,0.0001,0.9910
2669,0.9998,0.0027,0.0015,0.9961,0.0024,0.0008,0.9313,0.0023,0.0656
2670,0.9969,0.9999,0.0015,0.9908,0.0077,0.0005,0.0123,0.0002,0.9869
2671,0.9999,1.0000,0.0004,0.9987,0.0009,0.0018,0.1095,0.0018,0.8870
2672,0.9998,0.9996,0.6552,0.1290,0.2159,0.0171,0.0008,0.0004,0.9817
2673,0.9968,0.9999,0.0003,0.9978,0.0019,0.0002,0.0029,0.0001,0.9969
2674,0.9997,0.0014,0.0512,0.9445,0.0043,0.0003,0.0032,0.0003,0.9962
2675,0.9931,0.9999,0.0059,0.9839,0.0102,0.0004,0.8339,0.0002,0.1655
2676,0.9999,0.9999,0.0002,0.9977,0.0021,0.0006,0.0133,0.0004,0.9857
2677,1.0000,0.0010,0.1234,0.8684,0.0082,0.0184,0.0398,0.0009,0.9410
2678,0.9028,0.0028,0.0018,0.0816,0.9167,0.9983,0.0001,0.0012,0.0004
2679,0.0967,0.9953,0.0009,0.9964,0.0027,0.0003,0.0019,0.0004,0.9974
2680,0.9938,0.9999,0.0186,0.9455,0.0359,0.0088,0.0057,0.0012,0.9843
2681,0.9961,0.9999,0.8351,0.0137,0.1511,0.4782,0.0326,0.0097,0.4795
2682,0.9944,0.9900,0.0019,0.9957,0.0025,0.0062,0.7708,0.0012,0.2217
2683,0.9987,0.9983,0.9683,0.0247,0.0070,0.0325,0.9233,0.0180,0.0262
2684,0.9996,0.9999,0.6178,0.2789,0.1032,0.1040,0.8529,0.0048,0.0383
2685,1.0000,0.9999,0.0119,0.8639,0.1242,0.0001,0.0031,0.0002,0.9966
2686,0.9997,0.9999,0.1807,0.1203,0.6990,0.7082,0.2893,0.0003,0.0023
2687,0.9993,0.9998,0.1022,0.3794,0.5185,0.1258,0.8525,0.0004,0.0213
2688,0.9983,0.9999,0.0188,0.7904,0.1908,0.7406,0.1439,0.0044,0.1111
2689,0.6870,0.9999,0.0010,0.9904,0.0087,0.0006,0.0233,0.0005,0.9756
2690,1.0000,0.0014,0.7536,0.2412,0.0052,0.0376,0.2272,0.0054,0.7299
2691,0.9972,0.9999,0.0184,0.9637,0.0180,0.0010,0.7232,0.0004,0.2754
2692,0.9999,0.9999,0.0083,0.9873,0.0043,0.0007,0.0160,0.0004,0.9828
2693,1.0000,0.0016,0.0616,0.9365,0.0019,0.0021,0.0222,0.0017,0.9740
2694,0.9884,0.9999,0.0008,0.9990,0.0002,0.0055,0.2057,0.0017,0.7871
2695,0.9888,0.9999,0.1484,0.0940,0.7577,0.6405,0.0336,0.0024,0.3235
2696,0.9999,0.9999,0.0035,0.9918,0.0047,0.0001,0.0002,0.0001,0.9997
2697,0.0307,0.9999,0.0174,0.0035,0.9791,0.9746,0.0003,0.0015,0.0236
2698,0.9985,0.9999,0.5760,0.2983,0.1258,0.0544,0.8625,0.0022,0.0810
2699,0.9995,0.9905,0.8413,0.0282,0.1304,0.1744,0.0610,0.1861,0.5784
2700,0.9994,0.9996,0.1539,0.8415,0.0045,0.0015,0.9601,0.0004,0.0380
2701,0.9999,0.9999,0.0552,0.6464,0.2984,0.0006,0.0222,0.0005,0.9768
2702,0.9909,0.9881,0.0008,0.9902,0.0091,0.0008,0.2505,0.0055,0.7433
2704,0.9999,0.0014,0.0105,0.9783,0.0112,0.0003,0.0015,0.0003,0.9979
2705,0.9997,0.0015,0.0486,0.9499,0.0015,0.0042,0.7965,0.0325,0.1668
2706,0.9999,0.0021,0.0008,0.9973,0.0019,0.0004,0.0014,0.0001,0.9980
2707,0.9999,0.0011,0.0040,0.9943,0.0017,0.0002,0.0008,0.0004,0.9986
2708,0.9996,0.9999,0.8584,0.1042,0.0373,0.0073,0.9808,0.0001,0.0118
2709,0.9999,0.9999,0.0100,0.9634,0.0266,0.0006,0.2227,0.0003,0.7763
2710,0.9973,0.9998,0.0163,0.9603,0.0234,0.0009,0.4697,0.0003,0.5290
2711,0.8387,0.9999,0.0044,0.9778,0.0178,0.0006,0.3100,0.0007,0.6887
2712,0.9999,0.0014,0.0039,0.9955,0.0006,0.0007,0.0037,0.0002,0.9954
2713,0.5160,0.9910,0.0013,0.9825,0.0162,0.0007,0.0021,0.0007,0.9965
2714,0.9973,0.9997,0.0115,0.9799,0.0086,0.0014,0.9153,0.0007,0.0827
2715,0.9769,0.9996,0.0004,0.9984,0.0012,0.0004,0.0012,0.0002,0.9981
2716,0.9994,0.9999,0.0005,0.9993,0.0002,0.0001,0.0042,0.0001,0.9956
2717,0.9999,1.0000,0.0125,0.0015,0.9859,0.9566,0.0040,0.0013,0.0381
2718,0.9999,0.0015,0.3582,0.5453,0.0965,0.0590,0.1109,0.0058,0.8243
2719,0.9993,0.9999,0.0007,0.9982,0.0011,0.0008,0.0612,0.0003,0.9377
2720,0.9998,0.9999,0.0004,0.9988,0.0008,0.0001,0.0157,0.0001,0.9841
2721,0.9795,0.9991,0.0115,0.9773,0.0113,0.0008,0.5815,0.0006,0.4171
2722,0.9996,0.9999,0.0003,0.9940,0.0057,0.0002,0.0005,0.0000,0.9993
2723,0.9984,0.9999,0.2846,0.4710,0.2444,0.0164,0.9408,0.0007,0.0421
2724,0.8013,0.9998,0.0071,0.0006,0.9923,0.9853,0.0001,0.0007,0.0138
2725,0.0022,0.0259,0.0014,0.0011,0.9975,0.9970,0.0001,0.0016,0.0014
2726,0.9999,0.9998,0.0189,0.7763,0.2048,0.0017,0.3769,0.0050,0.6164
2727,0.9997,0.9999,0.0008,0.9977,0.0015,0.0044,0.3469,0.0016,0.6471
2729,0.9985,0.9999,0.0004,0.9969,0.0027,0.0012,0.0602,0.0012,0.9374
2730,0.9975,0.9999,0.3728,0.0309,0.5963,0.1960,0.0135,0.0048,0.7857
2731,0.9997,0.9999,0.0020,0.9944,0.0036,0.0006,0.8621,0.0004,0.1369
2732,0.9955,0.9998,0.0301,0.4706,0.4993,0.5642,0.0106,0.0033,0.4219
2733,0.9999,0.0015,0.3925,0.6048,0.0027,0.0096,0.2065,0.0044,0.7794
2734,0.9958,0.9999,0.0008,0.9982,0.0010,0.0018,0.3333,0.0014,0.6636
2735,1.0000,0.9999,0.0069,0.9830,0.0101,0.0001,0.0002,0.0001,0.9997
2736,0.9990,0.9998,0.0006,0.9973,0.0021,0.0009,0.5980,0.0003,0.4008
2737,0.9931,0.9999,0.0044,0.9932,0.0024,0.0209,0.6645,0.0050,0.3096
2738,0.9999,0.0009,0.0007,0.9987,0.0006,0.0004,0.0138,0.0001,0.9857
2739,0.9958,0.9999,0.0010,0.9980,0.0009,0.0013,0.2985,0.0011,0.6992
2740,0.9988,0.9998,0.0004,0.6514,0.3483,0.0032,0.2018,0.0014,0.7936
2741,0.9972,0.9999,0.0232,0.9630,0.0138,0.0001,0.9952,0.0001,0.0046
2742,0.9999,0.0012,0.0024,0.9959,0.0017,0.0003,0.0044,0.0001,0.9952
2743,0.9998,0.0013,0.0017,0.9957,0.0026,0.0001,0.0006,0.0003,0.9990
2744,0.9998,0.9999,0.0021,0.0034,0.9945,0.9587,0.0007,0.0004,0.0402
2745,0.9911,0.9999,0.0160,0.9769,0.0072,0.0005,0.4577,0.0006,0.5413
2746,0.9967,0.9999,0.5919,0.3971,0.0110,0.0047,0.9760,0.0004,0.0189
2747,0.8700,0.9955,0.0075,0.9910,0.0015,0.0001,0.0305,0.0003,0.9691
2748,0.9966,0.9991,0.0262,0.7885,0.1853,0.0527,0.0157,0.0023,0.9293
2749,0.9999,0.0010,0.0958,0.8938,0.0104,0.0415,0.0520,0.0016,0.9049
2750,0.9963,0.9999,0.8619,0.0635,0.0746,0.0059,0.9837,0.0007,0.0096
2751,0.9975,0.9999,0.0016,0.9976,0.0008,0.0011,0.0536,0.0005,0.9448
2752,0.9999,0.9999,0.0030,0.9556,0.0414,0.0001,0.0009,0.0000,0.9989
2753,0.9996,0.9999,0.0011,0.9963,0.0026,0.0005,0.2459,0.0003,0.7533
2754,0.9989,0.9999,0.1662,0.7167,0.1172,0.0002,0.9506,0.0001,0.0491
2755,0.9854,0.9998,0.0034,0.9928,0.0038,0.0067,0.8889,0.0097,0.0947
2756,0.9933,0.9999,0.0005,0.9805,0.0190,0.0002,0.0007,0.0001,0.9990
2757,0.9984,0.9999,0.2102,0.6056,0.1842,0.0003,0.8922,0.0003,0.1071
2758,0.9998,0.9999,0.0005,0.9928,0.0067,0.0001,0.0041,0.0001,0.9957
2759,0.9997,0.9999,0.0005,0.9231,0.0764,0.0008,0.0017,0.0003,0.9971
2760,1.0000,0.0012,0.2113,0.7825,0.0062,0.0204,0.0186,0.0015,0.9594
2762,1.0000,0.0019,0.0845,0.9148,0.0007,0.0104,0.0233,0.0028,0.9635
2763,0.9998,0.9999,0.0009,0.9974,0.0017,0.0002,0.0008,0.0002,0.9988
2764,0.9982,0.9999,0.4013,0.2472,0.3515,0.0381,0.9573,0.0013,0.0033
2765,0.9982,0.9999,0.0400,0.0184,0.9416,0.8766,0.0419,0.0021,0.0794
2766,0.9975,0.9998,0.7739,0.2223,0.0038,0.0006,0.9880,0.0002,0.0112
2767,0.5810,0.9946,0.0066,0.9921,0.0013,0.0001,0.0216,0.0004,0.9779
2768,0.9972,0.9999,0.1716,0.6398,0.1886,0.2996,0.3689,0.0042,0.3273
2769,0.9998,0.9999,0.0007,0.9963,0.0030,0.0008,0.1663,0.0004,0.8325
2770,0.9999,0.0017,0.0005,0.9981,0.0014,0.0011,0.0210,0.0008,0.9772
2771,0.9982,0.9999,0.0012,0.9986,0.0002,0.0003,0.8888,0.0005,0.1103
2772,0.9954,0.9998,0.0150,0.1861,0.7989,0.9869,0.0002,0.0006,0.0123
2773,0.9998,0.9998,0.0142,0.0304,0.9554,0.9889,0.0098,0.0002,0.0011
2774,0.9995,0.9999,0.0004,0.9945,0.0050,0.0037,0.1908,0.0020,0.8036
2775,0.9692,0.9999,0.0004,0.9946,0.0050,0.0002,0.0003,0.0000,0.9995
2776,0.9999,0.0009,0.0011,0.9980,0.0009,0.0001,0.0010,0.0001,0.9988
2777,0.9989,0.9998,0.0918,0.7160,0.1921,0.0070,0.8282,0.0036,0.1613
2778,0.9992,0.9999,0.1134,0.4645,0.4221,0.0005,0.3260,0.0006,0.6729
2779,0.0822,0.9999,0.0020,0.9962,0.0017,0.0054,0.3269,0.0022,0.6655
2780,0.9991,0.9997,0.2837,0.6102,0.1061,0.0142,0.9811,0.0007,0.0039
2781,0.9999,0.9999,0.0115,0.9517,0.0369,0.0014,0.2605,0.0007,0.7374
2782,0.9994,1.0000,0.0213,0.9380,0.0407,0.0024,0.0017,0.0007,0.9952
2783,0.9973,0.9999,0.0046,0.9930,0.0024,0.0003,0.2799,0.0002,0.7196
2784,0.9997,0.9999,0.0007,0.9965,0.0029,0.0003,0.0046,0.0002,0.9949
2785,1.0000,0.9999,0.0026,0.9929,0.0046,0.0002,0.0021,0.0002,0.9974
2786,0.9999,0.9999,0.0613,0.0055,0.9331,0.9776,0.0017,0.0007,0.0200
2787,0.9998,0.0012,0.0022,0.9922,0.0056,0.0001,0.0006,0.0000,0.9992
2788,0.9989,0.9999,0.0180,0.9503,0.0317,0.0003,0.1085,0.0003,0.8909
2789,0.9998,0.0012,0.0234,0.9716,0.0050,0.0004,0.0063,0.0003,0.9930
2790,0.9992,0.9999,0.0047,0.9804,0.0149,0.0008,0.4268,0.0003,0.5721
2791,0.8625,0.9999,0.0005,0.9993,0.0003,0.0042,0.4887,0.0017,0.5053
2792,1.0000,0.9999,0.0205,0.9302,0.0494,0.0003,0.0034,0.0003,0.9960
2793,0.9960,0.9999,0.0018,0.9973,0.0009,0.0083,0.4340,0.0025,0.5551
2794,0.9999,0.9999,0.0519,0.4447,0.5034,0.0002,0.0090,0.0001,0.9907
2795,0.9999,0.0013,0.1109,0.8850,0.0041,0.0010,0.0020,0.0004,0.9965
2796,0.9962,0.9996,0.0013,0.9972,0.0015,0.0005,0.1045,0.0002,0.8948
2797,0.9959,0.9999,0.0027,0.9765,0.0209,0.0003,0.0043,0.0001,0.9952
2798,0.9631,0.9999,0.0154,0.9806,0.0039,0.0359,0.0675,0.0199,0.8767
2799,0.9919,1.0000,0.1416,0.0465,0.8118,0.4903,0.0135,0.0040,0.4921
2800,0.9981,0.9999,0.0016,0.9968,0.0016,0.0005,0.9111,0.0002,0.0883
2801,0.9999,0.9999,0.0002,0.9988,0.0010,0.0006,0.0038,0.0003,0.9953
2802,0.9999,0.0013,0.0011,0.9980,0.0009,0.0003,0.0019,0.0001,0.9976
2803,0.0032,0.9838,0.0082,0.0014,0.9904,0.9976,0.0000,0.0002,0.0022
2805,0.1392,0.9999,0.0005,0.9973,0.0022,0.0009,0.0888,0.0009,0.9094
2806,0.9993,0.9999,0.0016,0.9928,0.0057,0.0003,0.0025,0.0001,0.9971
2807,0.9999,0.9999,0.0631,0.5234,0.4136,0.0005,0.0275,0.0007,0.9713
2808,0.9852,0.9999,0.0033,0.9959,0.0008,0.0075,0.4094,0.0016,0.5815
2809,0.9129,0.9999,0.0006,0.9990,0.0004,0.0002,0.0107,0.0001,0.9890
2810,1.0000,0.0008,0.0018,0.9974,0.0008,0.0001,0.0013,0.0000,0.9985
2811,1.0000,0.0014,0.1650,0.8209,0.0140,0.0116,0.5368,0.0030,0.4485
2812,0.9997,0.9999,0.0022,0.0094,0.9883,0.9954,0.0018,0.0001,0.0027
2813,0.9961,0.9999,0.5348,0.2297,0.2355,0.1398,0.0061,0.0008,0.8533
2814,0.9997,0.0009,0.0094,0.9845,0.0061,0.0006,0.0022,0.0004,0.9968
2815,0.9998,0.0013,0.0017,0.9952,0.0031,0.0002,0.0008,0.0002,0.9988
2816,0.9988,0.9999,0.0004,0.9963,0.0033,0.0012,0.0569,0.0003,0.9416
2817,0.9999,0.9999,0.0019,0.9935,0.0045,0.0001,0.0007,0.0001,0.9991
2818,0.9991,0.0012,0.0008,0.9983,0.0009,0.0004,0.0047,0.0002,0.9947
2819,0.9982,0.9999,0.0015,0.9981,0.0004,0.0002,0.0140,0.0001,0.9857
2820,0.9992,0.9999,0.0013,0.9937,0.0050,0.0006,0.0101,0.0004,0.9889
2821,0.9998,0.9999,0.0011,0.9984,0.0005,0.0000,0.0003,0.0001,0.9995
2822,0.7981,0.0020,0.0011,0.9975,0.0014,0.0004,0.0554,0.0001,0.9441
2823,0.9999,0.0007,0.0041,0.9866,0.0093,0.0279,0.0261,0.0010,0.9450
2824,0.9986,0.9997,0.0009,0.9985,0.0006,0.0008,0.0281,0.0003,0.9709
2825,0.9996,0.9999,0.2580,0.4011,0.3408,0.4910,0.4894,0.0015,0.0180
2826,0.8814,0.9998,0.1840,0.5836,0.2324,0.6051,0.0183,0.0064,0.3701
2827,0.9998,0.9999,0.0002,0.9990,0.0008,0.0004,0.0018,0.0002,0.9977
2828,0.9993,0.9999,0.0003,0.9994,0.0003,0.0003,0.0366,0.0002,0.9629
2829,0.9865,0.9999,0.0510,0.4467,0.5023,0.2783,0.6823,0.0021,0.0373
2830,0.9998,0.0040,0.0453,0.8949,0.0598,0.0148,0.9295,0.0010,0.0547
2831,0.9819,0.9999,0.0037,0.9956,0.0007,0.0012,0.2777,0.0003,0.7207
2832,0.9962,0.9999,0.0589,0.5449,0.3962,0.5201,0.0524,0.0012,0.4264
2833,0.9970,0.9997,0.0859,0.9116,0.0025,0.0005,0.9854,0.0001,0.0139
2834,0.9918,0.9999,0.0008,0.9919,0.0073,0.0008,0.1358,0.0003,0.8632
2835,0.9982,0.9999,0.0532,0.9023,0.0445,0.0404,0.0755,0.0016,0.8825
2836,0.9996,0.9999,0.0021,0.9922,0.0057,0.0007,0.0074,0.0003,0.9916
2837,0.9876,0.9998,0.0036,0.9894,0.0070,0.0084,0.9229,0.0101,0.0586
2838,1.0000,0.0010,0.1656,0.8226,0.0119,0.0199,0.0597,0.0009,0.9195
2839,0.9999,0.0007,0.0533,0.9352,0.0115,0.0229,0.0159,0.0008,0.9603
2840,0.9952,1.0000,0.7485,0.0819,0.1696,0.1798,0.0273,0.0064,0.7865
2841,0.9996,0.9999,0.0007,0.9957,0.0036,0.0006,0.0026,0.0002,0.9965
2842,0.9994,0.9998,0.0042,0.9830,0.0129,0.0001,0.0013,0.0000,0.9986
2843,0.9997,0.9944,0.0294,0.8411,0.1295,0.0007,0.0857,0.0029,0.9107
2844,0.1533,0.9999,0.0016,0.9088,0.0896,0.0012,0.1409,0.0014,0.8565
2845,0.9998,0.9999,0.0040,0.9785,0.0175,0.0002,0.0038,0.0001,0.9959
2846,0.9998,0.9999,0.0032,0.7095,0.2873,0.0002,0.0031,0.0005,0.9961
2847,0.9942,0.9999,0.0246,0.9700,0.0053,0.0036,0.6956,0.0025,0.2983
2848,0.9999,0.9999,0.0005,0.9987,0.0008,0.0001,0.0015,0.0001,0.9984
2849,0.9999,0.9999,0.0006,0.9988,0.0007,0.0000,0.0004,0.0000,0.9996
2850,0.9813,0.9999,0.0010,0.9907,0.0083,0.0004,0.0153,0.0002,0.9842
2851,0.9989,0.0014,0.0493,0.9430,0.0077,0.0002,0.0278,0.0001,0.9719
2852,0.9987,1.0000,0.6137,0.1604,0.2259,0.1465,0.0079,0.0019,0.8437
2853,0.9988,0.9862,0.0012,0.9975,0.0013,0.0008,0.2073,0.0079,0.7840
2854,0.9999,0.0007,0.0457,0.9467,0.0076,0.0138,0.0138,0.0005,0.9719
2855,0.9998,0.9999,0.0028,0.9849,0.0122,0.0001,0.0165,0.0001,0.9833
2856,0.9889,0.9999,0.0349,0.7531,0.2120,0.7266,0.2653,0.0028,0.0052
2857,0.9987,0.9999,0.0009,0.9911,0.0079,0.0002,0.0419,0.0001,0.9578
2858,0.9993,0.0026,0.0178,0.9725,0.0096,0.0116,0.4701,0.1106,0.4076
2859,0.9951,0.0026,0.0012,0.9958,0.0030,0.0003,0.0008,0.0001,0.9988
2860,0.0010,0.0046,0.0012,0.0032,0.9956,0.9972,0.0001,0.0019,0.0008
2861,0.9939,0.9999,0.0026,0.9967,0.0008,0.0008,0.0105,0.0003,0.9884
2862,0.9997,0.5168,0.9006,0.0165,0.0828,0.0805,0.7070,0.1151,0.0973
2863,0.9526,0.9999,0.0576,0.2014,0.7410,0.8715,0.1122,0.0007,0.0156
2864,0.9999,0.0009,0.0004,0.9990,0.0006,0.0003,0.0091,0.0001,0.9906
2865,0.9862,0.9978,0.0026,0.1189,0.8785,0.9745,0.0049,0.0025,0.0180
2866,0.8754,0.9999,0.0220,0.9763,0.0017,0.0012,0.8776,0.0019,0.1193
2867,0.9949,0.0047,0.0640,0.7013,0.2347,0.0086,0.0120,0.0169,0.9625
2868,0.9988,0.9999,0.0010,0.9967,0.0023,0.0015,0.1172,0.0005,0.8808
2869,0.9986,0.9999,0.0078,0.9910,0.0011,0.0045,0.7519,0.0027,0.2409
2870,0.9985,0.9997,0.0172,0.8634,0.1194,0.0107,0.9652,0.0029,0.0211
2871,0.6197,0.9999,0.0016,0.5926,0.4058,0.0016,0.0438,0.0018,0.9528
2872,0.9999,0.9999,0.0011,0.9946,0.0043,0.0001,0.0010,0.0001,0.9989
2873,0.9992,0.9999,0.0010,0.9978,0.0012,0.0004,0.0440,0.0002,0.9554
2874,0.9999,0.0010,0.0009,0.9984,0.0007,0.0011,0.0506,0.0003,0.9480
2875,0.9985,0.9999,0.0025,0.9955,0.0021,0.0004,0.0018,0.0001,0.9976
2876,0.9999,0.0013,0.0012,0.9984,0.0004,0.0003,0.0012,0.0001,0.9984
2878,0.9996,0.9998,0.0829,0.8726,0.0445,0.0415,0.7944,0.0036,0.1604
2879,0.9887,0.9961,0.0927,0.8555,0.0518,0.0513,0.0131,0.0035,0.9322
2880,0.9995,0.9998,0.0025,0.9931,0.0044,0.0007,0.5776,0.0003,0.4215
2881,0.9960,0.9999,0.0008,0.9989,0.0004,0.0025,0.2177,0.0010,0.7788
2882,0.9987,0.9977,0.9527,0.0252,0.0220,0.3298,0.4441,0.0220,0.2041
2883,0.9993,0.9999,0.1008,0.0627,0.8365,0.9236,0.0584,0.0006,0.0173
2884,0.9999,0.9999,0.0055,0.8644,0.1301,0.0001,0.0029,0.0003,0.9967
2885,0.9999,0.9998,0.0216,0.5030,0.4754,0.4355,0.4251,0.0017,0.1377
2886,0.9997,0.9998,0.0001,0.9993,0.0006,0.0001,0.0008,0.0000,0.9991
2887,0.9970,1.0000,0.2733,0.0953,0.6315,0.3090,0.0147,0.0025,0.6738
2888,0.9999,0.0009,0.0011,0.9983,0.0006,0.0003,0.0039,0.0001,0.9956
2889,1.0000,0.9999,0.0057,0.9859,0.0084,0.0001,0.0007,0.0001,0.9991
2890,0.9991,0.9999,0.1635,0.2333,0.6033,0.7484,0.0455,0.0022,0.2038
2891,0.9991,0.9999,0.0046,0.9931,0.0024,0.0002,0.9186,0.0002,0.0811
2892,0.9994,0.9999,0.2308,0.7584,0.0108,0.0002,0.9946,0.0001,0.0051
2893,0.9999,0.0009,0.0004,0.9991,0.0005,0.0004,0.0164,0.0001,0.9831
2894,0.0018,0.9999,0.0015,0.0047,0.9938,0.9974,0.0001,0.0017,0.0008
2895,0.9986,0.9999,0.8953,0.0172,0.0875,0.5301,0.0011,0.4370,0.0317
2896,0.9950,0.9999,0.1616,0.0206,0.8178,0.7106,0.0006,0.0028,0.2861
2897,0.9997,0.9999,0.3281,0.0093,0.6627,0.9365,0.0035,0.0016,0.0584
2898,0.9999,1.0000,0.0029,0.0034,0.9937,0.9742,0.0011,0.0006,0.0241
2899,0.9603,0.9999,0.0801,0.7109,0.2091,0.6356,0.3337,0.0021,0.0286
2900,1.0000,0.0010,0.2937,0.7013,0.0050,0.0856,0.1196,0.0079,0.7870
2901,0.9769,0.9999,0.0011,0.9972,0.0018,0.0008,0.1639,0.0034,0.8319
2902,0.9997,0.0026,0.0071,0.9785,0.0144,0.0464,0.1850,0.1504,0.6183
2903,0.0015,0.9998,0.0028,0.0013,0.9960,0.9959,0.0001,0.0005,0.0036
2904,0.0178,0.9960,0.0013,0.9909,0.0078,0.0016,0.0058,0.0015,0.9911
2905,0.9987,0.9999,0.0003,0.9947,0.0050,0.0001,0.0091,0.0001,0.9907
2906,0.9778,0.9999,0.0028,0.9850,0.0122,0.0067,0.9289,0.0131,0.0513
2907,0.9962,1.0000,0.2643,0.1195,0.6161,0.7921,0.0114,0.0039,0.1926
2908,0.9998,0.0013,0.0023,0.9941,0.0035,0.0002,0.0008,0.0005,0.9985
2909,0.9980,0.9999,0.0004,0.9992,0.0004,0.0003,0.0017,0.0001,0.9979
2910,0.0010,0.5127,0.0009,0.0034,0.9957,0.9979,0.0001,0.0016,0.0004
2911,0.9844,1.0000,0.0895,0.6142,0.2963,0.9095,0.0210,0.0005,0.0691
2912,1.0000,0.0016,0.0440,0.9442,0.0119,0.0035,0.0691,0.0115,0.9158
2913,1.0000,0.9998,0.0024,0.9926,0.0050,0.0001,0.0006,0.0001,0.9991
2914,0.9996,0.9999,0.4864,0.3327,0.1809,0.2197,0.7079,0.0104,0.0619
2915,0.9862,0.9999,0.1023,0.5867,0.3110,0.9207,0.0021,0.0043,0.0730
2916,0.9995,0.9999,0.4649,0.1193,0.4159,0.4412,0.5584,0.0001,0.0003
2917,0.9993,0.9999,0.0027,0.9865,0.0108,0.0004,0.2186,0.0002,0.7808
2918,0.9986,0.0012,0.0170,0.9779,0.0051,0.0043,0.0262,0.0061,0.9633
2919,0.9999,0.0014,0.1895,0.7939,0.0166,0.0237,0.1409,0.0025,0.8329
2920,0.9940,0.9999,0.0527,0.2976,0.6497,0.0547,0.9188,0.0006,0.0258
2921,0.9987,0.9999,0.7041,0.2754,0.0205,0.0023,0.9794,0.0002,0.0180
2922,0.9994,0.9997,0.0284,0.4091,0.5625,0.8055,0.0045,0.0174,0.1726
2923,0.9973,0.9999,0.2798,0.0590,0.6612,0.7942,0.0012,0.0457,0.1588
2924,0.9998,0.0019,0.0009,0.9963,0.0028,0.0003,0.0009,0.0001,0.9986
2925,0.9184,0.9999,0.0041,0.9957,0.0002,0.0003,0.9632,0.0001,0.0364
2926,0.9994,0.9999,0.4641,0.0069,0.5291,0.5428,0.0156,0.0212,0.4203
2927,1.0000,0.9999,0.0037,0.9927,0.0036,0.0003,0.0068,0.0002,0.9926
2928,0.9997,0.9999,0.0009,0.9978,0.0012,0.0001,0.0668,0.0001,0.9330
2929,0.7510,0.9999,0.0003,0.9996,0.0001,0.0017,0.8480,0.0008,0.1495
2930,0.9998,0.9999,0.0070,0.9893,0.0037,0.0001,0.0003,0.0000,0.9997
2931,0.9822,0.9999,0.0157,0.0532,0.9311,0.9773,0.0130,0.0003,0.0094
2932,1.0000,0.9999,0.0118,0.8374,0.1508,0.0001,0.0016,0.0001,0.9983
2933,0.2575,0.9999,0.0021,0.9947,0.0033,0.0022,0.4238,0.0008,0.5732
2934,0.9995,0.9999,0.0120,0.0010,0.9870,0.9913,0.0064,0.0004,0.0020
2935,0.9990,0.9999,0.0719,0.7169,0.2112,0.0003,0.7352,0.0002,0.2643
2936,0.9998,0.9999,0.0006,0.9953,0.0041,0.0002,0.0110,0.0001,0.9886
2937,0.9991,0.9999,0.0005,0.9982,0.0013,0.0001,0.0294,0.0001,0.9704
2938,0.7892,0.9999,0.0757,0.7622,0.1621,0.0011,0.3214,0.0033,0.6742
2939,0.0250,0.9999,0.0043,0.9651,0.0306,0.0031,0.5754,0.0029,0.4185
2940,0.9997,0.9997,0.0013,0.0049,0.9938,0.9930,0.0034,0.0002,0.0034
2941,0.9994,0.9917,0.0430,0.8358,0.1213,0.0014,0.2770,0.0014,0.7201
2942,0.9981,0.9996,0.0006,0.9959,0.0035,0.0001,0.0028,0.0001,0.9970
2943,0.7644,0.9999,0.3388,0.5675,0.0937,0.8619,0.0300,0.0029,0.1052
2944,0.9979,0.9994,0.0010,0.9711,0.0279,0.2414,0.6203,0.0021,0.1362
2945,0.9997,0.9999,0.0005,0.9972,0.0023,0.0007,0.1427,0.0004,0.8562
2946,0.9998,0.9999,0.0002,0.9980,0.0018,0.0002,0.0008,0.0001,0.9989
2947,0.9998,0.9999,0.0025,0.0041,0.9934,0.9905,0.0005,0.0003,0.0087
2948,0.9790,0.9999,0.0016,0.9975,0.0009,0.0002,0.0289,0.0010,0.9698
2949,0.9994,0.9999,0.1091,0.0316,0.8593,0.9475,0.0003,0.0025,0.0497
2950,0.9991,0.9998,0.0226,0.9662,0.0112,0.0139,0.9406,0.0003,0.0452
2952,0.9994,0.9999,0.0003,0.9981,0.0016,0.0002,0.0143,0.0001,0.9853
2953,0.9999,0.0012,0.1161,0.8721,0.0118,0.0707,0.0239,0.0050,0.9004
2954,0.9999,0.9999,0.5925,0.0214,0.3861,0.5886,0.4023,0.0029,0.0062
2955,0.9776,0.9958,0.0203,0.9745,0.0052,0.0011,0.4854,0.0094,0.5040
2956,0.9999,0.9999,0.0002,0.9995,0.0003,0.0000,0.0010,0.0000,0.9989
2957,0.9987,0.9999,0.5259,0.1032,0.3709,0.1916,0.8023,0.0013,0.0049
2958,0.9974,0.9994,0.0334,0.9588,0.0078,0.2620,0.1489,0.0074,0.5817
2959,0.9894,0.9999,0.0008,0.9986,0.0005,0.0008,0.1969,0.0003,0.8020
2960,0.9993,0.9999,0.0026,0.9780,0.0194,0.0023,0.0219,0.0007,0.9751
2961,0.2214,0.9954,0.0074,0.9912,0.0013,0.0002,0.0477,0.0007,0.9514
2962,0.9995,0.9999,0.0004,0.9968,0.0029,0.0001,0.0066,0.0002,0.9931
2963,0.9998,0.0012,0.0137,0.9846,0.0017,0.0056,0.6664,0.0132,0.3148
2964,0.2042,0.9999,0.0040,0.9651,0.0309,0.0006,0.0070,0.0003,0.9921
2966,0.9920,0.9998,0.0044,0.9909,0.0047,0.0526,0.1422,0.0037,0.8015
2967,0.9746,0.0016,0.0384,0.5576,0.4041,0.9946,0.0003,0.0026,0.0026
2968,0.0005,0.0256,0.0006,0.0016,0.9978,0.9985,0.0001,0.0009,0.0006
2969,0.9908,0.0035,0.0047,0.9929,0.0024,0.0011,0.0019,0.0025,0.9946
2970,1.0000,0.0012,0.3353,0.6597,0.0050,0.0073,0.0106,0.0006,0.9815
2971,1.0000,0.9999,0.0084,0.9596,0.0320,0.0001,0.0018,0.0001,0.9980
2972,0.9765,0.9999,0.0003,0.9987,0.0010,0.0001,0.0003,0.0000,0.9996
2973,0.9989,0.0015,0.0015,0.9877,0.0108,0.0001,0.0003,0.0002,0.9994
2974,0.9644,0.9999,0.0061,0.9933,0.0006,0.0011,0.6692,0.0007,0.3291
2975,0.9992,0.9999,0.0010,0.9948,0.0042,0.0004,0.0094,0.0002,0.9900
2976,0.9994,0.9999,0.0014,0.0051,0.9936,0.9176,0.0680,0.0004,0.0141
2977,0.6527,0.9999,0.0024,0.9944,0.0032,0.0009,0.0792,0.0003,0.9196
2978,0.9999,0.9998,0.0099,0.9784,0.0118,0.0001,0.0010,0.0002,0.9987
2979,0.9974,0.9997,0.0157,0.8981,0.0862,0.0031,0.9951,0.0001,0.0017
2980,0.9993,0.9999,0.0432,0.9510,0.0059,0.0004,0.2846,0.0002,0.7147
2981,1.0000,0.0009,0.3565,0.6110,0.0325,0.0226,0.0223,0.0007,0.9544
2982,0.9689,0.0015,0.0013,0.9864,0.0123,0.0003,0.0006,0.0005,0.9987
2983,0.9975,0.9999,0.0016,0.9913,0.0071,0.0004,0.0879,0.0002,0.9115
2984,0.9999,0.9999,0.0195,0.0024,0.9781,0.9898,0.0071,0.0003,0.0029
2985,0.9280,0.0028,0.0032,0.1559,0.8409,0.9969,0.0001,0.0022,0.0007
2986,0.9999,0.0011,0.4588,0.5357,0.0055,0.0017,0.4382,0.0070,0.5530
2987,0.9999,0.0010,0.0010,0.9984,0.0006,0.0002,0.0008,0.0001,0.9990
2988,0.9998,0.9999,0.0137,0.0014,0.9849,0.9930,0.0046,0.0002,0.0023
2989,0.9978,0.0014,0.0222,0.9411,0.0367,0.0004,0.0032,0.0005,0.9959
2990,0.9891,0.9997,0.0270,0.7304,0.2426,0.4622,0.5340,0.0008,0.0029
2991,0.9293,0.9999,0.0084,0.9600,0.0317,0.0003,0.0135,0.0008,0.9854
2992,0.9984,0.9999,0.0007,0.9986,0.0007,0.0002,0.0089,0.0001,0.9908
2993,0.3759,0.9999,0.0011,0.9864,0.0125,0.0003,0.0021,0.0002,0.9974
2994,0.9620,0.9980,0.0017,0.5383,0.4600,0.8112,0.0861,0.0019,0.1008
2995,0.9982,0.9997,0.0011,0.9982,0.0007,0.0004,0.1613,0.0002,0.8381
2996,0.4867,0.9937,0.0254,0.9696,0.0050,0.0001,0.0220,0.0011,0.9768
2997,0.9993,0.9998,0.0003,0.9979,0.0019,0.0002,0.0007,0.0001,0.9991
2998,0.8193,0.9997,0.0002,0.9996,0.0002,0.0024,0.1754,0.0009,0.8212
2999,0.0354,0.9945,0.0088,0.9865,0.0047,0.0032,0.0453,0.0032,0.9483
3000,0.9853,0.0015,0.0030,0.9958,0.0012,0.0003,0.0855,0.0001,0.9141
3001,0.9993,0.9999,0.0036,0.9744,0.0219,0.0004,0.0389,0.0002,0.9605
3002,0.9995,0.9999,0.1939,0.3417,0.4644,0.5390,0.4302,0.0022,0.0286
3003,0.9996,1.0000,0.0045,0.9659,0.0296,0.0008,0.9203,0.0006,0.0783
3004,0.9965,0.9999,0.0005,0.9992,0.0003,0.0002,0.0127,0.0001,0.9870
3005,1.0000,0.9999,0.0038,0.9824,0.0138,0.0001,0.0004,0.0002,0.9994
3006,0.9976,0.9999,0.0012,0.9888,0.0100,0.0025,0.0403,0.0009,0.9563
3007,0.9996,0.9999,0.2827,0.5480,0.1693,0.2433,0.6848,0.0062,0.0657
3008,0.9975,0.9999,0.0068,0.9799,0.0134,0.0430,0.1209,0.0047,0.8314
3009,0.9998,0.9999,0.0033,0.0005,0.9962,0.9970,0.0013,0.0001,0.0016
3010,0.9999,0.0013,0.0008,0.9985,0.0007,0.0002,0.0008,0.0001,0.9989
3011,0.9981,0.9999,0.0096,0.9872,0.0032,0.0020,0.1420,0.0009,0.8552
3012,0.9201,0.9938,0.0066,0.9779,0.0155,0.0001,0.0043,0.0004,0.9951
3013,0.9984,0.9999,0.0012,0.9972,0.0016,0.0008,0.4523,0.0003,0.5466
3014,0.0018,0.0068,0.0021,0.0065,0.9915,0.9965,0.0001,0.0027,0.0007
3015,0.9935,0.9999,0.0148,0.9785,0.0067,0.0004,0.5474,0.0005,0.4517
3016,0.9965,0.9999,0.0003,0.9978,0.0020,0.0018,0.0272,0.0009,0.9702
3017,0.9983,0.9998,0.0407,0.6423,0.3170,0.0360,0.9611,0.0009,0.0020
3018,0.9991,0.9996,0.0003,0.9986,0.0011,0.0023,0.0636,0.0010,0.9331
3019,1.0000,0.9999,0.0010,0.9973,0.0018,0.0001,0.0009,0.0001,0.9990
3020,0.9999,0.9926,0.0074,0.8887,0.1039,0.0003,0.0251,0.0002,0.9745
3021,0.9906,0.9999,0.0023,0.9943,0.0034,0.0093,0.4625,0.0013,0.5269
3022,0.8276,0.9999,0.0014,0.9965,0.0022,0.0000,0.0039,0.0000,0.9960
3023,0.3891,0.9999,0.0007,0.9974,0.0020,0.0006,0.0982,0.0004,0.9008
3024,0.9439,0.9999,0.0576,0.1209,0.8214,0.7867,0.2092,0.0004,0.0036
3025,0.9995,0.0018,0.8028,0.1964,0.0008,0.0005,0.9806,0.0005,0.0184
3026,0.9945,0.9999,0.2293,0.0314,0.7393,0.7561,0.0013,0.0106,0.2320
3027,0.9903,0.9999,0.0005,0.9987,0.0008,0.0005,0.0115,0.0002,0.9878
3028,0.9702,0.9999,0.0040,0.9863,0.0097,0.0122,0.9284,0.0088,0.0506
3029,0.9950,0.9998,0.0216,0.8166,0.1617,0.0780,0.9199,0.0007,0.0014
3030,0.5439,0.9966,0.0217,0.0051,0.9732,0.0198,0.0473,0.0235,0.9095
3031,0.9992,0.9999,0.0007,0.9955,0.0038,0.0007,0.0208,0.0003,0.9783
3032,0.9997,0.9999,0.0006,0.9980,0.0014,0.0000,0.0001,0.0000,0.9998
3033,1.0000,0.9999,0.0205,0.8536,0.1259,0.0009,0.0192,0.0007,0.9792
3034,0.9928,0.9996,0.0007,0.9960,0.0034,0.0003,0.0015,0.0001,0.9981
3035,0.9999,0.0009,0.0062,0.9931,0.0007,0.0194,0.0525,0.0089,0.9193
3036,0.9999,0.9999,0.0147,0.8046,0.1807,0.0002,0.0041,0.0004,0.9954
3037,0.9986,0.9998,0.1114,0.7908,0.0978,0.0257,0.9221,0.0007,0.0515
3038,0.9992,0.9999,0.0004,0.9978,0.0018,0.0032,0.1143,0.0009,0.8817
3039,0.9993,0.0017,0.0106,0.9874,0.0020,0.0004,0.0043,0.0002,0.9952
3040,0.9341,0.9999,0.5919,0.2512,0.1568,0.0196,0.0639,0.0251,0.8914
3041,0.9968,0.9999,0.1048,0.1643,0.7309,0.9836,0.0004,0.0072,0.0088
3042,0.9767,0.9999,0.0147,0.0174,0.9679,0.9902,0.0005,0.0002,0.0091
3043,0.9070,0.9876,0.0357,0.9406,0.0236,0.0002,0.0075,0.0006,0.9917
3044,0.9995,0.9999,0.0011,0.9952,0.0037,0.0004,0.0686,0.0002,0.9308
3045,0.9993,0.9998,0.1019,0.6840,0.2141,0.0103,0.8994,0.0038,0.0865
3046,0.9805,0.9997,0.0007,0.9968,0.0025,0.0016,0.0081,0.0002,0.9901
3047,0.9999,0.9999,0.0003,0.9984,0.0013,0.0005,0.0154,0.0003,0.9838
3048,0.9999,0.9999,0.0035,0.9917,0.0048,0.0001,0.0006,0.0001,0.9991
3049,0.9887,0.9998,0.0008,0.9971,0.0021,0.0027,0.9343,0.0059,0.0572
3050,0.9986,0.9996,0.0014,0.9965,0.0022,0.0036,0.9836,0.0004,0.0125
3051,0.9850,0.9996,0.0008,0.9982,0.0010,0.0002,0.0063,0.0001,0.9934
3052,0.9999,0.0007,0.0151,0.9796,0.0053,0.0189,0.0200,0.0009,0.9601
3053,0.2424,0.9999,0.0031,0.9479,0.0490,0.0012,0.2553,0.0022,0.7413
3054,0.9978,0.9993,0.0172,0.9547,0.0280,0.0033,0.9946,0.0003,0.0017
3055,0.9991,0.9999,0.0009,0.9977,0.0014,0.0007,0.0457,0.0002,0.9534
3056,0.9995,0.9998,0.3761,0.0173,0.6066,0.8513,0.0043,0.0020,0.1424
3057,0.2400,0.9999,0.0031,0.9780,0.0188,0.0008,0.0013,0.0004,0.9975
3058,0.8019,0.9999,0.0011,0.9769,0.0221,0.0006,0.0027,0.0006,0.9961
3059,0.9998,0.9999,0.0060,0.9784,0.0156,0.0008,0.8813,0.0004,0.1176
3060,0.9973,0.9999,0.2283,0.1222,0.6495,0.4283,0.0116,0.0054,0.5547
3061,0.9746,0.9995,0.0101,0.9676,0.0223,0.0009,0.6401,0.0007,0.3583
3062,0.9980,0.9998,0.0007,0.9984,0.0009,0.0028,0.4793,0.0009,0.5170
3063,0.9974,0.9999,0.0508,0.9319,0.0174,0.0022,0.9967,0.0001,0.0009
3064,0.9998,0.9999,0.0016,0.9963,0.0021,0.0000,0.0018,0.0000,0.9982
3065,0.9995,0.0008,0.0088,0.9880,0.0032,0.0027,0.1492,0.0066,0.8415
3066,0.9990,0.9998,0.0006,0.9964,0.0030,0.0004,0.2027,0.0002,0.7967
3067,0.9998,0.9999,0.0011,0.9976,0.0014,0.0001,0.0244,0.0001,0.9753
3068,0.9971,0.9999,0.1373,0.8451,0.0176,0.0226,0.4422,0.0089,0.5264
3069,0.2706,0.9999,0.0031,0.9896,0.0073,0.0010,0.2830,0.0012,0.7148
3070,0.9945,0.0010,0.0113,0.9749,0.0138,0.0009,0.0993,0.0003,0.8995
3071,0.9999,0.0007,0.0070,0.9814,0.0116,0.0026,0.0471,0.0006,0.9498
3072,0.9990,1.0000,0.0063,0.9837,0.0101,0.0008,0.9286,0.0006,0.0701
3073,0.9970,0.9999,0.8026,0.0267,0.1707,0.1767,0.0138,0.0062,0.8033
3074,0.9999,0.0011,0.0738,0.9098,0.0164,0.0713,0.1349,0.0027,0.7912
3075,0.9999,0.9999,0.0016,0.9968,0.0016,0.0003,0.0009,0.0002,0.9986
3076,0.9945,0.9997,0.0003,0.9984,0.0013,0.0014,0.9969,0.0002,0.0015
3077,1.0000,0.9999,0.0034,0.9885,0.0081,0.0001,0.0003,0.0001,0.9996
3078,0.9996,0.9999,0.0141,0.9740,0.0119,0.0004,0.0283,0.0005,0.9708
3079,0.8999,0.9999,0.0007,0.9991,0.0002,0.0027,0.3736,0.0012,0.6225
3080,0.9680,0.9998,0.0159,0.9837,0.0004,0.0003,0.9839,0.0001,0.0157
3081,0.9961,0.9996,0.0050,0.9925,0.0025,0.0107,0.3370,0.0034,0.6490
3082,0.9959,0.9999,0.0073,0.9645,0.0282,0.0003,0.0179,0.0015,0.9803
3083,0.9581,0.9999,0.0156,0.9836,0.0008,0.0015,0.8530,0.0006,0.1449
3084,0.9986,1.0000,0.7318,0.0582,0.2099,0.1899,0.0073,0.0016,0.8011
3085,0.9999,0.9999,0.0005,0.9976,0.0019,0.0000,0.0013,0.0001,0.9986
3086,0.9992,0.9999,0.0010,0.9882,0.0108,0.0004,0.0193,0.0002,0.9801
3087,1.0000,0.0016,0.0716,0.9244,0.0040,0.0025,0.1099,0.0020,0.8856
3088,0.9960,0.9999,0.0072,0.9844,0.0084,0.0041,0.2908,0.0012,0.7038
3089,0.9992,0.0012,0.0607,0.8759,0.0634,0.0928,0.0064,0.0157,0.8851
3090,0.8667,0.9999,0.0007,0.9914,0.0079,0.0006,0.1283,0.0006,0.8705
3091,0.9993,0.9999,0.0296,0.7494,0.2210,0.0230,0.8158,0.0011,0.1602
3092,0.8571,0.9875,0.0069,0.9905,0.0026,0.0001,0.0064,0.0005,0.9930
3093,0.9990,0.9999,0.0022,0.9971,0.0008,0.0003,0.9035,0.0003,0.0959
3094,0.9991,0.9999,0.0425,0.0041,0.9534,0.8866,0.0876,0.0026,0.0231
3095,0.8719,0.9999,0.0463,0.9269,0.0268,0.0087,0.5185,0.0032,0.4696
3096,0.9988,0.9999,0.0221,0.0332,0.9446,0.9025,0.0900,0.0004,0.0070
3097,1.0000,0.9999,0.0169,0.9736,0.0095,0.0002,0.0009,0.0002,0.9988
3098,1.0000,0.0023,0.1977,0.7572,0.0452,0.0312,0.0641,0.0017,0.9030
3099,0.9980,0.9999,0.0455,0.9077,0.0467,0.0006,0.3685,0.0006,0.6302
3100,0.5783,0.9992,0.0015,0.5262,0.4723,0.9374,0.0122,0.0074,0.0430
3101,0.9920,0.9999,0.0033,0.9931,0.0036,0.0046,0.9578,0.0054,0.0322
3102,0.9989,0.9999,0.0006,0.9971,0.0023,0.0004,0.4326,0.0001,0.5669
3103,0.9996,0.9999,0.0008,0.9577,0.0415,0.0001,0.0006,0.0001,0.9992
3104,0.9993,0.9999,0.0014,0.9975,0.0012,0.0014,0.9157,0.0101,0.0727
3105,0.9958,0.9999,0.0014,0.9981,0.0005,0.0003,0.0084,0.0001,0.9911
3106,0.9983,0.9999,0.0025,0.9969,0.0006,0.0033,0.3648,0.0019,0.6300
3108,0.9989,0.9999,0.0274,0.7572,0.2154,0.0908,0.3896,0.0022,0.5174
3109,1.0000,0.0018,0.7646,0.2324,0.0030,0.0021,0.8778,0.0044,0.1156
3110,0.9966,0.9938,0.0071,0.9903,0.0026,0.0001,0.9889,0.0001,0.0109
3111,0.9997,0.9998,0.0009,0.9858,0.0134,0.0001,0.0015,0.0004,0.9980
3112,0.0883,0.9999,0.0027,0.9926,0.0047,0.0016,0.1498,0.0011,0.8475
3113,0.9999,0.9999,0.0016,0.9946,0.0038,0.0001,0.0007,0.0001,0.9991
3114,0.9997,0.9999,0.0008,0.7943,0.2050,0.0001,0.0145,0.0000,0.9854
3115,0.9964,1.0000,0.2104,0.2045,0.5851,0.7481,0.0674,0.0024,0.1821
3116,0.0082,0.9999,0.0033,0.0012,0.9955,0.9949,0.0002,0.0007,0.0042
3117,0.9998,0.0018,0.0077,0.9875,0.0048,0.0012,0.0150,0.0005,0.9833
3118,0.9999,0.9999,0.0005,0.9986,0.0009,0.0002,0.0020,0.0001,0.9976
3119,0.9998,0.9999,0.0159,0.0079,0.9762,0.9978,0.0018,0.0001,0.0003
3120,0.1478,0.9999,0.0017,0.9961,0.0022,0.0021,0.3668,0.0013,0.6298
3121,0.9999,0.9999,0.0073,0.9908,0.0019,0.0006,0.0228,0.0004,0.9761
3122,0.9724,0.9995,0.2965,0.1416,0.5619,0.4778,0.2780,0.0058,0.2383
3123,0.9995,0.9999,0.0070,0.0277,0.9653,0.9872,0.0103,0.0001,0.0023
3124,0.9999,0.9999,0.0022,0.0034,0.9944,0.9946,0.0015,0.0002,0.0036
3125,0.9963,0.9999,0.0332,0.9071,0.0596,0.0001,0.9879,0.0001,0.0119
3126,0.9994,0.9998,0.0007,0.9099,0.0894,0.0002,0.0361,0.0001,0.9637
3127,0.9999,0.9999,0.0319,0.0020,0.9661,0.9346,0.0017,0.0021,0.0615
3128,0.9963,0.9999,0.1328,0.5434,0.3238,0.2587,0.1007,0.0030,0.6376
3129,0.9821,1.0000,0.2135,0.0693,0.7173,0.4824,0.0245,0.0029,0.4903
3130,0.9994,0.9988,0.0461,0.9188,0.0351,0.0005,0.0923,0.0004,0.9068
3131,0.9999,0.9999,0.0005,0.9986,0.0009,0.0002,0.0014,0.0001,0.9983
3132,0.9997,0.9999,0.0003,0.9987,0.0011,0.0004,0.0024,0.0002,0.9971
3133,0.0006,0.9882,0.0016,0.0045,0.9939,0.9972,0.0001,0.0024,0.0003
3134,0.9999,0.9999,0.0880,0.8968,0.0152,0.0003,0.0018,0.0004,0.9975
3135,0.9996,0.9999,0.0296,0.2027,0.7677,0.9771,0.0095,0.0004,0.0130
3136,0.9993,0.9999,0.0004,0.9950,0.0046,0.0003,0.0057,0.0003,0.9938
3137,0.9923,0.9993,0.0223,0.9688,0.0088,0.0005,0.3126,0.0003,0.6867
3138,0.9980,1.0000,0.4564,0.3766,0.1670,0.0838,0.0056,0.0009,0.9097
3139,0.9990,0.9999,0.0404,0.1381,0.8215,0.8885,0.1075,0.0016,0.0024
3140,0.9999,0.9999,0.0021,0.7764,0.2215,0.0001,0.0009,0.0001,0.9989
3141,0.9973,0.9997,0.0471,0.7569,0.1960,0.0905,0.8242,0.0047,0.0806
3142,0.9996,0.9997,0.1140,0.8162,0.0697,0.2458,0.0056,0.0514,0.6971
3143,0.9996,0.9999,0.0324,0.9546,0.0130,0.0002,0.9718,0.0001,0.0279
3144,0.9987,0.0026,0.0061,0.9888,0.0051,0.0108,0.0831,0.0759,0.8301
3145,0.9998,0.9999,0.0003,0.9986,0.0012,0.0002,0.0041,0.0002,0.9956
3146,0.9996,0.9999,0.0004,0.9985,0.0011,0.0003,0.0014,0.0002,0.9981
3147,0.9999,1.0000,0.0002,0.9986,0.0012,0.0011,0.0091,0.0005,0.9892
3148,0.9994,0.9999,0.0016,0.9960,0.0024,0.0003,0.1966,0.0002,0.8029
3149,0.9964,0.9999,0.2039,0.6948,0.1013,0.0070,0.9918,0.0002,0.0010
3150,0.9994,0.9999,0.0068,0.9923,0.0008,0.0004,0.0179,0.0003,0.9815
3151,0.9999,0.9999,0.0008,0.9972,0.0020,0.0005,0.0090,0.0007,0.9898
3152,1.0000,0.0018,0.0911,0.9068,0.0021,0.0555,0.0800,0.0132,0.8513
3153,0.9982,0.9989,0.0005,0.9743,0.0252,0.0020,0.4727,0.0018,0.5235
3154,0.8907,0.9996,0.0003,0.9996,0.0002,0.0025,0.1345,0.0010,0.8620
3155,0.9915,0.9999,0.0007,0.9991,0.0002,0.0003,0.7945,0.0010,0.2042
3156,0.9997,0.9999,0.0006,0.9949,0.0045,0.0005,0.0037,0.0002,0.9956
3157,0.9999,0.9999,0.0006,0.9967,0.0027,0.0001,0.0029,0.0001,0.9969
3158,0.9998,0.9999,0.0007,0.9988,0.0005,0.0000,0.0001,0.0000,0.9998
3159,0.9996,0.9903,0.2359,0.5590,0.2051,0.0008,0.3557,0.0036,0.6398
3160,0.8952,0.0021,0.0022,0.0764,0.9214,0.9968,0.0001,0.0020,0.0010
3161,0.9997,0.9999,0.0058,0.9893,0.0049,0.0002,0.8238,0.0002,0.1758
3162,0.9995,0.9999,0.0089,0.7271,0.2641,0.0010,0.5320,0.0009,0.4661
3163,0.9891,0.9999,0.0839,0.8048,0.1112,0.0012,0.0809,0.0039,0.9140
3164,0.9919,1.0000,0.2599,0.0758,0.6643,0.5459,0.0156,0.0021,0.4365
3165,0.9999,0.9999,0.0869,0.5547,0.3584,0.0006,0.0478,0.0009,0.9507
3166,0.9997,0.9997,0.2450,0.4045,0.3506,0.4132,0.0012,0.0007,0.5849
3167,0.9978,0.9999,0.0009,0.9974,0.0017,0.0022,0.4148,0.0005,0.5824
3168,0.9987,0.9999,0.0014,0.9965,0.0021,0.0001,0.0003,0.0001,0.9995
3169,0.9989,0.9999,0.0589,0.2587,0.6824,0.0006,0.5448,0.0004,0.4542
3170,0.9999,0.0016,0.0013,0.9975,0.0012,0.0004,0.0079,0.0002,0.9914
3171,0.9998,0.0016,0.6792,0.3147,0.0060,0.0124,0.5965,0.0045,0.3866
3172,0.9993,0.9998,0.0003,0.9979,0.0019,0.0003,0.0063,0.0001,0.9933
3173,0.9999,0.9999,0.0003,0.9992,0.0006,0.0026,0.0955,0.0009,0.9010
3174,0.9955,0.9999,0.0005,0.9990,0.0004,0.0006,0.0146,0.0005,0.9843
3175,1.0000,0.0014,0.0493,0.9497,0.0009,0.0036,0.0136,0.0076,0.9752
3176,0.9973,0.9999,0.0004,0.9856,0.0140,0.0001,0.0003,0.0000,0.9996
3177,0.9999,0.9999,0.0024,0.9927,0.0049,0.0001,0.0023,0.0001,0.9976
3178,1.0000,0.9998,0.0018,0.9970,0.0012,0.0003,0.0029,0.0003,0.9965
3179,0.1059,0.9999,0.0320,0.0040,0.9640,0.9931,0.0001,0.0003,0.0065
3180,0.9984,0.9998,0.0245,0.9348,0.0407,0.0006,0.8120,0.0002,0.1872
3181,0.9996,0.9999,0.0011,0.9950,0.0039,0.0004,0.0129,0.0002,0.9865
3182,0.9995,0.9999,0.0002,0.9990,0.0008,0.0001,0.0006,0.0001,0.9992
3183,0.9938,1.0000,0.2401,0.2189,0.5410,0.4089,0.0271,0.0054,0.5586
3184,0.4807,0.9999,0.0004,0.9949,0.0047,0.0007,0.0019,0.0003,0.9971
3185,0.9995,0.9713,0.0064,0.9697,0.0239,0.0007,0.0202,0.0012,0.9779
3186,0.9932,0.9996,0.9544,0.0355,0.0100,0.0542,0.6247,0.0342,0.2869
3187,0.9970,0.9999,0.0220,0.8974,0.0807,0.0445,0.0107,0.0009,0.9438
3188,0.9990,0.9999,0.0012,0.9980,0.0008,0.0006,0.0169,0.0003,0.9822
3189,0.9989,0.9999,0.0008,0.9989,0.0003,0.0007,0.0495,0.0003,0.9495
3190,0.9997,0.9999,0.0263,0.0044,0.9694,0.9319,0.0286,0.0017,0.0377
3191,0.9998,0.9999,0.0003,0.9989,0.0008,0.0001,0.0005,0.0000,0.9994
3192,0.9986,0.9999,0.0015,0.9978,0.0007,0.0002,0.0103,0.0001,0.9895
3193,0.9968,0.9981,0.1557,0.5601,0.2842,0.3587,0.0173,0.0380,0.5860
3194,0.9950,0.9963,0.3995,0.4887,0.1118,0.0011,0.1280,0.0056,0.8653
3195,0.9963,0.9999,0.0085,0.9796,0.0119,0.0013,0.1338,0.0008,0.8641
3196,0.0008,0.2244,0.0015,0.0044,0.9941,0.9982,0.0000,0.0013,0.0005
3197,0.9995,0.9999,0.0008,0.9937,0.0055,0.0002,0.0011,0.0001,0.9985
3198,0.9994,0.9999,0.1606,0.6910,0.1484,0.0003,0.9264,0.0002,0.0730
3199,0.9838,0.9999,0.0919,0.8964,0.0117,0.0005,0.9325,0.0003,0.0667
3200,0.9623,0.9999,0.0022,0.9927,0.0051,0.0029,0.1205,0.0079,0.8687
3201,0.9977,0.9998,0.3007,0.6074,0.0920,0.0086,0.8959,0.0041,0.0915
3202,0.9859,0.9999,0.0100,0.9871,0.0030,0.0008,0.9591,0.0005,0.0396
3203,0.9994,0.9999,0.1373,0.8402,0.0225,0.0068,0.9895,0.0002,0.0034
3204,0.9997,0.9999,0.3182,0.0588,0.6230,0.1347,0.8640,0.0003,0.0010
3205,0.9744,0.9996,0.0011,0.9967,0.0022,0.0015,0.9840,0.0024,0.0121
3206,0.9931,0.9999,0.0030,0.9943,0.0028,0.0044,0.2660,0.0014,0.7282
3207,0.9988,0.9999,0.0029,0.9905,0.0066,0.0007,0.8368,0.0003,0.1622
3208,0.0889,0.9999,0.0017,0.9972,0.0011,0.0066,0.3663,0.0032,0.6240
3209,0.9999,0.9999,0.0462,0.7190,0.2348,0.0005,0.0233,0.0006,0.9756
3210,0.9988,0.9999,0.0009,0.9963,0.0028,0.0012,0.4342,0.0005,0.5642
3211,0.9923,0.0014,0.0006,0.7550,0.2444,0.0734,0.0089,0.0039,0.9138
3212,0.9994,0.9903,0.1809,0.6190,0.2001,0.0008,0.2913,0.0008,0.7072
3213,0.9990,0.9999,0.0025,0.9878,0.0097,0.0004,0.0250,0.0003,0.9744
3214,0.5117,0.9999,0.0004,0.9993,0.0003,0.0002,0.0229,0.0001,0.9768
3215,0.9976,0.9992,0.4292,0.3311,0.2396,0.3309,0.0117,0.0076,0.6498
3216,0.9997,0.9999,0.0508,0.0548,0.8944,0.8815,0.1159,0.0002,0.0024
3217,0.9998,0.9999,0.0040,0.8389,0.1571,0.0002,0.0038,0.0005,0.9955
3218,1.0000,0.9999,0.0022,0.9937,0.0041,0.0001,0.0002,0.0001,0.9996
3219,0.9989,0.9999,0.0480,0.1455,0.8065,0.7847,0.2137,0.0003,0.0013
3220,0.9992,0.9999,0.0006,0.9969,0.0025,0.0016,0.0317,0.0005,0.9662
3221,0.9998,0.9999,0.1257,0.2599,0.6144,0.0451,0.9537,0.0001,0.0010
3222,1.0000,0.0016,0.0224,0.9763,0.0013,0.0011,0.0103,0.0010,0.9876
3223,0.9999,0.9999,0.2428,0.7516,0.0056,0.0004,0.0020,0.0002,0.9974
3224,0.9996,0.9999,0.0021,0.9963,0.0016,0.0009,0.0807,0.0007,0.9176
3225,0.9999,0.9999,0.0005,0.9982,0.0013,0.0001,0.0050,0.0001,0.9948
3226,0.9933,0.9998,0.0646,0.9110,0.0244,0.0096,0.9821,0.0019,0.0064
3227,0.9980,0.9997,0.0008,0.9984,0.0008,0.0003,0.0408,0.0001,0.9588
3228,0.9999,0.9999,0.0031,0.9929,0.0040,0.0026,0.1282,0.0010,0.8683
3229,0.9952,1.0000,0.5705,0.0536,0.3758,0.8008,0.0095,0.0030,0.1867
3230,0.9978,0.0009,0.0540,0.8112,0.1347,0.4622,0.0253,0.0043,0.5082
3231,0.9988,0.9999,0.0004,0.9976,0.0020,0.0001,0.0088,0.0001,0.9910
3232,0.9926,0.9999,0.0107,0.9846,0.0047,0.0005,0.7579,0.0005,0.2411
3233,0.9955,0.9999,0.4111,0.5004,0.0885,0.0103,0.8522,0.0013,0.1362
3234,0.0165,0.9951,0.0010,0.9949,0.0041,0.0014,0.0057,0.0012,0.9916
3235,0.0009,0.9871,0.0013,0.0045,0.9943,0.9974,0.0000,0.0021,0.0005
3236,0.9995,0.9999,0.0003,0.9859,0.0138,0.0001,0.0012,0.0001,0.9985
3237,1.0000,0.0015,0.0377,0.9612,0.0011,0.0019,0.0160,0.0025,0.9796
3238,0.9998,0.0013,0.5128,0.4825,0.0047,0.0017,0.0340,0.0045,0.9599
3239,0.9997,0.9999,0.0028,0.9953,0.0020,0.0001,0.0075,0.0001,0.9924
3240,0.8771,0.9998,0.0119,0.0404,0.9477,0.9987,0.0001,0.0006,0.0007
3241,0.9884,0.9999,0.0010,0.9980,0.0010,0.0012,0.2065,0.0004,0.7919
3242,0.9998,0.9960,0.0175,0.3173,0.6652,0.0002,0.0031,0.0005,0.9962
3243,0.9983,0.9999,0.0020,0.9964,0.0015,0.0012,0.1334,0.0010,0.8644
3244,0.9996,0.9999,0.0222,0.0219,0.9559,0.9686,0.0044,0.0004,0.0266
3245,0.9995,0.9999,0.2608,0.5683,0.1709,0.1531,0.8016,0.0031,0.0422
3246,0.9994,0.9999,0.0036,0.9951,0.0013,0.0004,0.8536,0.0004,0.1456
3247,0.4096,0.9999,0.0009,0.9980,0.0011,0.0003,0.0074,0.0010,0.9913
3248,0.9991,0.0019,0.0008,0.9945,0.0048,0.0019,0.0071,0.0009,0.9900
3249,0.9998,0.9999,0.0009,0.9959,0.0033,0.0039,0.2940,0.0013,0.7007
3250,0.9999,0.9999,0.0017,0.9958,0.0024,0.0003,0.0086,0.0001,0.9910
3251,0.9999,0.9999,0.0003,0.9995,0.0002,0.0000,0.0005,0.0000,0.9994
3252,0.9265,0.9998,0.0011,0.9917,0.0071,0.0122,0.9332,0.0105,0.0441
3253,0.9923,1.0000,0.2585,0.2220,0.5195,0.7455,0.0239,0.0043,0.2263
3254,0.9982,0.9999,0.0021,0.9864,0.0114,0.0004,0.3484,0.0004,0.6508
3255,0.2779,0.9910,0.0047,0.9566,0.0387,0.0004,0.0008,0.0004,0.9984
3256,0.9999,0.0010,0.0010,0.9984,0.0006,0.0006,0.0242,0.0002,0.9749
3257,0.9988,0.9999,0.0004,0.9993,0.0003,0.0003,0.0136,0.0002,0.9859
3258,0.9950,0.0035,0.0069,0.9854,0.0077,0.0005,0.0058,0.0035,0.9902
3259,0.9839,0.9999,0.4915,0.0689,0.4396,0.9947,0.0012,0.0003,0.0038
3260,0.9992,0.9999,0.0465,0.0928,0.8607,0.8308,0.1669,0.0003,0.0020
3261,0.9986,0.9999,0.0148,0.0496,0.9356,0.4700,0.0423,0.0026,0.4851
3262,0.0984,0.9935,0.0010,0.9943,0.0047,0.0004,0.0010,0.0003,0.9983
3263,0.9999,0.9999,0.0008,0.9964,0.0027,0.0006,0.0273,0.0005,0.9716
3264,0.9997,0.0037,0.0033,0.9681,0.0286,0.0013,0.0016,0.0001,0.9970
3265,0.9966,0.0115,0.3367,0.0126,0.6507,0.4338,0.0070,0.0282,0.5310
3266,0.3153,0.9999,0.0036,0.9777,0.0186,0.0003,0.0049,0.0004,0.9944
3267,0.9891,0.9999,0.0005,0.9990,0.0006,0.0007,0.0130,0.0003,0.9860
3268,0.9997,0.9999,0.1312,0.1943,0.6746,0.3120,0.6089,0.0029,0.0763
3269,0.9994,0.9999,0.0010,0.9979,0.0011,0.0005,0.4988,0.0003,0.5004
3270,0.9998,0.9999,0.0011,0.9978,0.0011,0.0000,0.0002,0.0000,0.9997
3271,0.9983,0.9999,0.0123,0.9849,0.0028,0.0022,0.8984,0.0007,0.0987
3272,0.9999,0.0014,0.0122,0.9815,0.0063,0.0001,0.0262,0.0010,0.9727
3273,0.8377,0.7107,0.0370,0.9323,0.0307,0.0004,0.0242,0.0015,0.9739
3274,0.9984,0.9999,0.0095,0.9619,0.0286,0.0001,0.0302,0.0001,0.9696
3275,0.9993,0.9999,0.1619,0.1889,0.6492,0.6908,0.0394,0.0021,0.2676
3276,0.9987,0.9999,0.0003,0.9994,0.0003,0.0005,0.0746,0.0003,0.9247
3278,0.9862,0.9973,0.0016,0.9756,0.0228,0.0133,0.9798,0.0008,0.0061
3279,0.9999,0.0013,0.0282,0.9461,0.0257,0.0002,0.0017,0.0003,0.9978
3280,0.9990,0.9999,0.0916,0.8482,0.0601,0.0005,0.9314,0.0003,0.0678
3281,0.9975,0.9999,0.0029,0.9914,0.0057,0.0007,0.3645,0.0006,0.6342
3282,0.0005,0.0098,0.0008,0.0027,0.9965,0.9986,0.0001,0.0009,0.0005
3283,0.9995,0.9999,0.0999,0.0383,0.8619,0.9695,0.0097,0.0012,0.0196
3284,0.9966,1.0000,0.3132,0.0871,0.5997,0.7262,0.0160,0.0029,0.2549
3285,0.9965,0.9999,0.0814,0.1830,0.7356,0.8921,0.1002,0.0022,0.0055
3286,0.9988,0.9999,0.0186,0.9468,0.0346,0.0698,0.0159,0.0013,0.9130
3287,0.9992,1.0000,0.0008,0.9893,0.0099,0.0006,0.0236,0.0005,0.9753
3288,0.2266,0.3389,0.0064,0.2684,0.7252,0.9994,0.0001,0.0004,0.0002
3289,0.9988,1.0000,0.4799,0.1816,0.3385,0.0136,0.0010,0.0007,0.9847
3290,0.9922,0.9999,0.0030,0.9895,0.0074,0.0065,0.9329,0.0073,0.0532
3291,0.9996,0.0025,0.0018,0.9954,0.0028,0.0002,0.0006,0.0001,0.9991
3292,0.9997,0.9999,0.0066,0.8936,0.0998,0.0002,0.0040,0.0006,0.9952
3293,0.9945,1.0000,0.5903,0.1113,0.2983,0.7575,0.0543,0.0201,0.1680
3294,0.9996,0.9999,0.0003,0.9992,0.0005,0.0001,0.0003,0.0000,0.9996
3295,0.9982,1.0000,0.0009,0.9945,0.0046,0.0003,0.0634,0.0001,0.9362
3296,1.0000,0.9998,0.0008,0.9963,0.0028,0.0002,0.0009,0.0002,0.9987
3297,0.9994,0.9999,0.1909,0.7412,0.0679,0.0673,0.8736,0.0020,0.0571
3298,1.0000,0.0012,0.1465,0.8509,0.0026,0.0331,0.0419,0.0049,0.9200
3299,0.9973,0.9999,0.0339,0.9621,0.0040,0.0004,0.1806,0.0003,0.8188
3300,0.4600,0.9999,0.0271,0.9254,0.0475,0.0010,0.2301,0.0019,0.7670
3301,0.9987,0.9999,0.1586,0.0701,0.7713,0.7627,0.0006,0.0038,0.2329
3302,0.9994,0.9999,0.3254,0.4777,0.1969,0.1059,0.7587,0.0031,0.1323
3303,1.0000,0.9999,0.0098,0.9775,0.0127,0.0002,0.0010,0.0002,0.9986
3304,0.9979,0.9999,0.0018,0.9968,0.0013,0.0018,0.4001,0.0007,0.5974
3305,0.9996,0.9998,0.1160,0.5663,0.3177,0.0093,0.8445,0.0045,0.1417
3306,0.9585,0.9998,0.0011,0.9948,0.0041,0.0002,0.0011,0.0002,0.9984
3307,0.9778,0.9999,0.0326,0.1308,0.8366,0.1659,0.4470,0.0013,0.3858
3308,0.9990,0.9999,0.0009,0.9986,0.0005,0.0000,0.0001,0.0000,0.9999
3309,0.9991,0.9999,0.0013,0.9982,0.0005,0.0009,0.0780,0.0004,0.9207
3310,1.0000,0.0009,0.1016,0.8903,0.0081,0.0176,0.2190,0.0027,0.7608
3311,0.9961,0.9999,0.0002,0.9994,0.0004,0.0002,0.0016,0.0001,0.9981
3312,0.0010,0.9972,0.0010,0.0038,0.9952,0.9971,0.0000,0.0022,0.0006
3313,0.9647,0.9998,0.0004,0.9994,0.0002,0.0022,0.7865,0.0010,0.2103
3314,1.0000,0.9999,0.0043,0.9937,0.0020,0.0003,0.0014,0.0003,0.9981
3315,0.5054,0.9999,0.0060,0.9926,0.0013,0.0001,0.0130,0.0003,0.9866
3316,0.9990,0.9999,0.1520,0.6671,0.1809,0.0002,0.9811,0.0002,0.0185
3317,0.9962,0.9999,0.0014,0.9970,0.0016,0.0010,0.6607,0.0004,0.3379
3318,0.9995,0.9999,0.0012,0.9965,0.0022,0.0006,0.2356,0.0004,0.7635
3319,0.9998,0.9998,0.0048,0.0145,0.9807,0.9916,0.0032,0.0002,0.0050
3320,0.9990,0.9999,0.0546,0.8924,0.0530,0.0543,0.7056,0.0021,0.2381
3321,0.9998,0.9999,0.0756,0.9198,0.0046,0.0008,0.1185,0.0004,0.8804
3322,0.9994,0.9998,0.0672,0.0151,0.9177,0.8209,0.1787,0.0001,0.0003
3323,0.9999,0.9999,0.0108,0.8239,0.1653,0.0002,0.0031,0.0003,0.9965
3324,0.9986,0.0026,0.0009,0.9908,0.0083,0.0025,0.0072,0.0012,0.9891
3325,0.9677,0.9997,0.0015,0.9934,0.0051,0.0122,0.9760,0.0027,0.0090
3326,0.9280,0.9999,0.0914,0.0355,0.8731,0.9477,0.0114,0.0030,0.0379
3327,0.9996,0.9999,0.0003,0.9984,0.0014,0.0002,0.0157,0.0001,0.9839
3328,0.9996,0.0020,0.0021,0.9937,0.0043,0.0005,0.0011,0.0001,0.9983
3329,0.9483,0.0513,0.4601,0.0153,0.5246,0.5064,0.0272,0.0650,0.4015
3330,0.9999,1.0000,0.4051,0.0069,0.5881,0.4224,0.0078,0.0109,0.5590
3331,0.9986,0.9999,0.0964,0.0525,0.8511,0.3360,0.6618,0.0001,0.0021
3332,0.9976,0.9999,0.0056,0.9919,0.0026,0.0002,0.9896,0.0001,0.0100
3333,0.9982,0.9999,0.0155,0.9822,0.0023,0.0005,0.8548,0.0002,0.1444
3334,0.9998,0.9999,0.4884,0.2745,0.2371,0.0651,0.9222,0.0043,0.0084
3335,0.9978,0.9999,0.1102,0.4861,0.4038,0.5946,0.0039,0.0656,0.3360
3336,0.9995,0.9999,0.0437,0.5608,0.3955,0.5625,0.3353,0.0011,0.1011
3337,0.9899,0.0015,0.0072,0.9701,0.0227,0.0003,0.0024,0.0001,0.9973
3338,0.0012,0.9998,0.0015,0.0012,0.9973,0.9965,0.0001,0.0005,0.0029
3339,0.9998,0.9999,0.5677,0.2552,0.1770,0.0630,0.9270,0.0011,0.0089
3340,1.0000,0.0008,0.0635,0.9266,0.0099,0.0002,0.0199,0.0001,0.9799
3341,0.9989,0.9999,0.0009,0.9964,0.0027,0.0005,0.0014,0.0001,0.9980
3342,0.9914,0.9998,0.4034,0.4548,0.1418,0.0022,0.9925,0.0002,0.0051
3343,0.9970,0.9997,0.0013,0.9846,0.0141,0.0003,0.0089,0.0001,0.9907
3344,0.9999,0.9999,0.0006,0.9984,0.0011,0.0022,0.0718,0.0009,0.9252
3345,0.9921,1.0000,0.2307,0.0561,0.7132,0.4940,0.0174,0.0027,0.4859
3346,1.0000,0.0015,0.0310,0.9148,0.0543,0.0028,0.1219,0.0023,0.8729
3347,1.0000,0.9999,0.0011,0.9978,0.0011,0.0001,0.0011,0.0001,0.9986
3348,0.9999,0.0013,0.1340,0.8514,0.0146,0.0011,0.1679,0.0030,0.8280
3349,0.9986,0.9999,0.0024,0.9870,0.0105,0.0002,0.0279,0.0001,0.9719
3350,0.3778,0.9953,0.0013,0.9837,0.0149,0.0013,0.0052,0.0013,0.9922
3351,0.9998,0.9999,0.0010,0.9984,0.0006,0.0000,0.0001,0.0000,0.9998
3352,0.9986,0.9998,0.0191,0.2193,0.7616,0.7324,0.2597,0.0002,0.0076
3353,0.9993,0.9997,0.0013,0.9846,0.0141,0.0006,0.4425,0.0003,0.5566
3354,0.9986,0.9999,0.0013,0.9940,0.0047,0.0002,0.1022,0.0001,0.8976
3355,0.9999,0.9999,0.0002,0.9996,0.0003,0.0001,0.0006,0.0000,0.9993
3356,0.9998,0.9999,0.0020,0.9966,0.0013,0.0001,0.0078,0.0000,0.9921
3357,0.9995,0.9999,0.0002,0.9985,0.0013,0.0001,0.0050,0.0001,0.9948
3358,0.9999,0.9999,0.0003,0.9990,0.0007,0.0002,0.0014,0.0001,0.9983
3359,0.3021,0.9936,0.0010,0.9978,0.0011,0.0001,0.0021,0.0006,0.9972
3360,1.0000,0.9999,0.0231,0.7001,0.2768,0.0001,0.0006,0.0001,0.9993
3361,0.9485,0.9999,0.5823,0.0954,0.3223,0.9714,0.0142,0.0017,0.0127
3362,0.9996,0.9999,0.2630,0.4345,0.3025,0.0799,0.3862,0.0046,0.5294
3363,0.9997,0.9998,0.0220,0.6693,0.3087,0.0003,0.0463,0.0002,0.9531
3364,0.9976,0.9999,0.0013,0.9972,0.0015,0.0006,0.3838,0.0003,0.6153
3365,0.9999,0.9999,0.8009,0.0785,0.1205,0.0823,0.9139,0.0009,0.0029
3366,0.9998,0.0012,0.0008,0.9983,0.0009,0.0004,0.0009,0.0001,0.9986
3367,0.9998,0.9999,0.0002,0.9990,0.0008,0.0001,0.0005,0.0001,0.9994
3368,0.9999,0.9999,0.0413,0.5660,0.3928,0.0002,0.0100,0.0003,0.9894
3369,0.9939,0.9997,0.0003,0.9994,0.0003,0.0060,0.2895,0.0023,0.7022
3370,0.9999,0.9999,0.1171,0.8776,0.0053,0.0001,0.0034,0.0001,0.9964
3371,0.9999,0.9999,0.0533,0.5946,0.3521,0.0002,0.0080,0.0002,0.9915
3372,0.9980,0.9979,0.0501,0.1322,0.8177,0.1845,0.0131,0.6496,0.1527
3373,0.9968,0.9999,0.0005,0.9987,0.0008,0.0002,0.0011,0.0001,0.9986
3374,0.9991,0.9999,0.0725,0.8490,0.0784,0.0252,0.6632,0.0028,0.3087
3375,0.9996,0.9999,0.0108,0.9859,0.0032,0.0001,0.9952,0.0001,0.0047
3376,1.0000,0.9999,0.0179,0.9693,0.0128,0.0005,0.0023,0.0007,0.9965
3377,0.9982,0.9999,0.0013,0.9904,0.0083,0.0007,0.1380,0.0003,0.8610
3378,0.9992,0.9999,0.3427,0.6414,0.0159,0.0016,0.8373,0.0098,0.1513
3379,0.9980,0.9999,0.0033,0.9947,0.0020,0.0010,0.4502,0.0004,0.5485
3380,0.9939,0.9999,0.0081,0.7906,0.2014,0.4205,0.0122,0.0004,0.5668
3381,0.9997,0.9999,0.2652,0.3694,0.3655,0.6792,0.2978,0.0014,0.0215
3382,0.9986,0.9999,0.5003,0.0531,0.4465,0.6001,0.3955,0.0018,0.0026
3383,0.9970,1.0000,0.7869,0.1769,0.0362,0.0137,0.0034,0.0008,0.9822
3384,0.9992,0.9997,0.0003,0.9988,0.0009,0.0020,0.9951,0.0002,0.0027
3385,0.9997,0.9999,0.0004,0.9990,0.0006,0.0004,0.0021,0.0001,0.9974
3386,1.0000,0.0020,0.0419,0.9432,0.0149,0.0028,0.2846,0.0222,0.6904
3387,0.9864,0.9999,0.0058,0.9899,0.0043,0.0026,0.9461,0.0096,0.0417
3388,0.9987,0.9999,0.9047,0.0789,0.0164,0.0251,0.0165,0.0011,0.9574
3389,0.9935,0.9999,0.0003,0.9978,0.0019,0.0002,0.0006,0.0000,0.9992
3390,0.5465,0.9999,0.0007,0.9981,0.0012,0.0002,0.0020,0.0005,0.9974
3391,0.9963,0.9999,0.1155,0.4290,0.4555,0.0008,0.7734,0.0018,0.2240
3392,0.9966,0.9999,0.0021,0.9966,0.0013,0.0037,0.6640,0.0011,0.3312
3393,0.7041,0.9999,0.0013,0.9972,0.0015,0.0003,0.0423,0.0022,0.9552
3394,0.9981,0.9999,0.7806,0.1149,0.1045,0.0492,0.1084,0.0124,0.8300
3395,0.9999,0.0013,0.0175,0.9790,0.0034,0.0011,0.0087,0.0007,0.9895
3396,0.9998,0.0011,0.0026,0.9802,0.0171,0.0002,0.0008,0.0003,0.9986
3397,0.9805,0.9999,0.0026,0.9968,0.0007,0.0005,0.0702,0.0002,0.9291
3398,0.9366,0.9994,0.0242,0.7704,0.2054,0.0035,0.2757,0.0109,0.7099
3399,0.9995,0.9999,0.0003,0.9992,0.0005,0.0001,0.0003,0.0000,0.9996
3400,0.9998,0.0018,0.0010,0.9976,0.0013,0.0003,0.0009,0.0001,0.9987
3401,0.9999,0.0015,0.0128,0.9698,0.0174,0.0004,0.0180,0.0001,0.9815
3402,0.9984,0.9999,0.0006,0.9982,0.0012,0.0015,0.3640,0.0005,0.6339
3403,0.9997,0.9999,0.0237,0.0487,0.9276,0.9638,0.0338,0.0002,0.0023
3404,0.9995,0.9999,0.0009,0.0028,0.9964,0.9971,0.0011,0.0002,0.0016
3405,0.9996,0.9999,0.0013,0.9977,0.0010,0.0002,0.0012,0.0002,0.9985
3406,0.9988,0.0016,0.0132,0.9664,0.0204,0.0003,0.0032,0.0004,0.9961
3407,1.0000,0.9999,0.0009,0.9974,0.0017,0.0001,0.0026,0.0002,0.9970
3408,0.9984,0.9999,0.0016,0.9970,0.0013,0.0002,0.0606,0.0001,0.9392
3409,0.9971,0.9998,0.1624,0.5658,0.2718,0.0255,0.9700,0.0007,0.0038
3410,0.9953,0.9999,0.0036,0.9934,0.0030,0.0009,0.4091,0.0005,0.5894
3411,0.9990,0.9999,0.0006,0.9975,0.0018,0.0005,0.0197,0.0003,0.9795
